site_id,common_name,month,year,penguin_count,month_is_imputed
ADAR,adelie penguin,12.0,2018,504332.0,False
ADAR,adelie penguin,12.0,2023,337361.0,False
AILS,chinstrap penguin,2.0,2020,3000.0,False
AITC,chinstrap penguin,12.0,2018,3797.0,False
AITC,gentoo penguin,12.0,2017,1704.0,False
AITC,gentoo penguin,12.0,2018,1943.0,False
AITK,chinstrap penguin,1.0,2019,3000.0,False
ALCO,chinstrap penguin,1.0,2021,519.0,False
ALMI,gentoo penguin,1.0,2016,191.0,False
ALMI,gentoo penguin,1.0,2016,171.0,False
ALMI,gentoo penguin,2.0,2016,189.0,False
ALMI,gentoo penguin,12.0,2016,173.0,False
ALMI,gentoo penguin,12.0,2016,170.0,False
ALMI,gentoo penguin,1.0,2018,174.0,False
ALMI,gentoo penguin,1.0,2018,181.0,False
ALMI,gentoo penguin,1.0,2018,186.0,False
ALMI,gentoo penguin,2.0,2018,209.0,False
ALMI,gentoo penguin,1.0,2019,165.0,False
ALMI,gentoo penguin,12.0,2018,174.0,False
ALMI,gentoo penguin,1.0,2020,185.0,False
ALMI,gentoo penguin,1.0,2021,209.0,False
ALMI,gentoo penguin,1.0,2022,57.0,False
ALMI,gentoo penguin,2.0,2022,47.0,False
ALMI,gentoo penguin,1.0,2023,101.0,False
ALMI,gentoo penguin,12.0,2023,223.0,False
ALMI,gentoo penguin,12.0,2023,114.0,False
ALMI,gentoo penguin,12.0,2023,189.0,False
ALMI,gentoo penguin,12.0,2023,198.0,False
ALMI,gentoo penguin,12.0,2024,190.0,False
ALMI,gentoo penguin,12.0,2025,231.0,False
AMAN,emperor penguin,11.0,2022,1424.0,False
AMAN,emperor penguin,11.0,2022,10485.0,False
AMPH,chinstrap penguin,1.0,2020,2000.0,False
ANCH,adelie penguin,1.0,2016,0.0,True
ANDE,chinstrap penguin,1.0,2019,200.0,False
ANDI,adelie penguin,1.0,2016,495.0,False
ANDR,adelie penguin,1.0,2016,1433.0,False
ANNE,adelie penguin,12.0,2018,205.0,False
ANNE,adelie penguin,12.0,2023,282.0,False
ANVS,chinstrap penguin,2.0,2020,0.0,False
ANVS,gentoo penguin,2.0,2020,3115.0,False
ARDL,adelie penguin,1.0,2016,448.0,True
ARDL,adelie penguin,1.0,2016,545.0,True
ARDL,adelie penguin,1.0,2018,338.0,False
ARDL,adelie penguin,1.0,2017,350.0,True
ARDL,adelie penguin,1.0,2017,398.0,True
ARDL,adelie penguin,1.0,2018,339.0,True
ARDL,adelie penguin,1.0,2019,300.0,True
ARDL,adelie penguin,1.0,2019,307.0,True
ARDL,adelie penguin,1.0,2019,303.0,True
ARDL,adelie penguin,1.0,2021,200.0,True
ARDL,adelie penguin,1.0,2022,184.0,True
ARDL,chinstrap penguin,1.0,2016,20.0,True
ARDL,chinstrap penguin,1.0,2016,23.0,True
ARDL,chinstrap penguin,1.0,2017,15.0,True
ARDL,chinstrap penguin,1.0,2017,18.0,True
ARDL,chinstrap penguin,1.0,2018,16.0,True
ARDL,chinstrap penguin,1.0,2018,18.0,True
ARDL,chinstrap penguin,1.0,2019,16.0,True
ARDL,chinstrap penguin,1.0,2019,12.0,True
ARDL,gentoo penguin,1.0,2016,7227.0,True
ARDL,gentoo penguin,1.0,2016,9627.0,True
ARDL,gentoo penguin,1.0,2017,6242.0,True
ARDL,gentoo penguin,1.0,2017,8022.0,True
ARDL,gentoo penguin,1.0,2018,6428.0,True
ARDL,gentoo penguin,1.0,2018,7295.0,True
ARDL,gentoo penguin,1.0,2019,6870.0,True
ARDL,gentoo penguin,1.0,2019,8903.0,True
ARDL,gentoo penguin,1.0,2019,6695.0,True
ARDL,gentoo penguin,1.0,2021,7121.0,True
ATRI,chinstrap penguin,2.0,2020,10000.0,False
AVIA,adelie penguin,1.0,2020,31006.0,False
BAIL,chinstrap penguin,1.0,2019,38825.0,False
BART,chinstrap penguin,1.0,2016,2918.0,True
BART,chinstrap penguin,1.0,2016,4360.0,True
BART,chinstrap penguin,1.0,2017,2867.0,True
BART,chinstrap penguin,1.0,2017,3823.0,True
BART,chinstrap penguin,1.0,2018,2388.0,True
BART,chinstrap penguin,1.0,2018,3262.0,True
BART,chinstrap penguin,1.0,2019,2353.0,True
BART,chinstrap penguin,1.0,2019,2399.0,True
BART,gentoo penguin,1.0,2016,2604.0,True
BART,gentoo penguin,1.0,2016,3210.0,True
BART,gentoo penguin,1.0,2017,2309.0,True
BART,gentoo penguin,1.0,2017,2642.0,True
BART,gentoo penguin,1.0,2018,2224.0,True
BART,gentoo penguin,1.0,2018,2730.0,True
BART,gentoo penguin,1.0,2019,2408.0,True
BART,gentoo penguin,1.0,2019,2995.0,True
BATH,chinstrap penguin,12.0,2018,279.0,False
BEAN,emperor penguin,10.0,2018,462.0,False
BEAN,emperor penguin,10.0,2018,417.0,False
BELL,chinstrap penguin,12.0,2016,827.0,False
BELS,chinstrap penguin,1.0,2020,6000.0,False
BENN,chinstrap penguin,1.0,2020,6000.0,False
BERT,adelie penguin,2.0,2024,400.0,False
BERT,adelie penguin,2.0,2024,243.0,True
BERT,adelie penguin,2.0,2026,390.0,False
BILL,gentoo penguin,12.0,2024,24.0,False
BISC,adelie penguin,12.0,2025,408.0,False
BISC,gentoo penguin,12.0,2025,5405.0,False
BLAK,chinstrap penguin,2.0,2020,0.0,False
BONE,chinstrap penguin,2.0,2020,25.0,False
BONG,adelie penguin,1.0,2023,2319.0,False
BONG,adelie penguin,1.0,2023,2509.0,False
BONG,adelie penguin,1.0,2023,2430.0,False
BONG,adelie penguin,1.0,2023,2143.0,False
BONG,adelie penguin,1.0,2024,2340.0,False
BONG,adelie penguin,1.0,2024,1625.0,False
BONG,adelie penguin,12.0,2025,1722.0,False
BONG,adelie penguin,12.0,2025,2707.0,False
BOWM,emperor penguin,12.0,2022,399.0,False
BOWM,emperor penguin,12.0,2022,2372.0,False
BRDM,adelie penguin,12.0,2016,3584.0,False
BRDM,adelie penguin,12.0,2017,3947.0,False
BRDM,adelie penguin,12.0,2018,4335.0,False
BRDM,adelie penguin,12.0,2019,4476.0,False
BRDM,adelie penguin,12.0,2021,3958.0,False
BRDM,adelie penguin,12.0,2022,2860.0,False
BRDM,adelie penguin,12.0,2023,3043.0,False
BRDM,adelie penguin,12.0,2024,3937.0,False
BRDN,adelie penguin,12.0,2016,41453.0,False
BRDN,adelie penguin,12.0,2017,44337.0,False
BRDN,adelie penguin,12.0,2018,44106.0,False
BRDN,adelie penguin,12.0,2019,50358.0,False
BRDN,adelie penguin,12.0,2021,44661.0,False
BRDN,adelie penguin,12.0,2022,33055.0,False
BRDN,adelie penguin,12.0,2023,36093.0,False
BRDN,adelie penguin,12.0,2024,44118.0,False
BRDS,adelie penguin,12.0,2016,13517.0,False
BRDS,adelie penguin,12.0,2017,15450.0,False
BRDS,adelie penguin,12.0,2018,16764.0,False
BRDS,adelie penguin,12.0,2019,17899.0,False
BRDS,adelie penguin,12.0,2021,13251.0,False
BRDS,adelie penguin,12.0,2022,11555.0,False
BRDS,adelie penguin,12.0,2023,11904.0,False
BRDS,adelie penguin,12.0,2024,16629.0,False
BREA,gentoo penguin,11.0,2022,,False
BREA,gentoo penguin,12.0,2025,2337.0,False
BREA,gentoo penguin,2.0,2026,1471.0,False
BRIM,chinstrap penguin,1.0,2020,4000.0,False
BRIT,chinstrap penguin,12.0,2016,2869.0,False
BRIT,chinstrap penguin,1.0,2020,1526.0,False
BRIT,gentoo penguin,12.0,2016,396.0,False
BRIT,macaroni penguin,12.0,2016,1.0,False
BROW,gentoo penguin,1.0,2016,440.0,False
BROW,gentoo penguin,1.0,2016,734.0,False
BROW,gentoo penguin,2.0,2016,535.0,False
BROW,gentoo penguin,12.0,2016,640.0,False
BROW,gentoo penguin,12.0,2016,711.0,False
BROW,gentoo penguin,1.0,2018,793.0,False
BROW,gentoo penguin,12.0,2017,695.0,False
BROW,gentoo penguin,2.0,2018,1154.0,False
BROW,gentoo penguin,1.0,2019,1114.0,False
BROW,gentoo penguin,1.0,2020,1199.0,False
BROW,gentoo penguin,12.0,2019,956.0,False
BROW,gentoo penguin,12.0,2019,832.0,False
BROW,gentoo penguin,1.0,2022,102.0,False
BROW,gentoo penguin,12.0,2022,1130.0,False
BROW,gentoo penguin,1.0,2024,1114.0,False
BROW,gentoo penguin,1.0,2024,558.0,False
BROW,gentoo penguin,1.0,2024,871.0,False
BROW,gentoo penguin,12.0,2023,1057.0,False
BRPW,chinstrap penguin,1.0,2020,700.0,False
BRUC,chinstrap penguin,2.0,2020,5000.0,False
BRYE,gentoo penguin,1.0,2016,556.0,False
BRYE,gentoo penguin,1.0,2016,527.0,False
BRYE,gentoo penguin,1.0,2017,510.0,False
BRYE,gentoo penguin,12.0,2016,515.0,False
BRYE,gentoo penguin,1.0,2018,520.0,False
BRYE,gentoo penguin,1.0,2018,525.0,False
BRYE,gentoo penguin,12.0,2017,527.0,False
BRYE,gentoo penguin,2.0,2018,626.0,False
BRYE,gentoo penguin,1.0,2019,534.0,False
BRYE,gentoo penguin,1.0,2019,547.0,False
BRYE,gentoo penguin,12.0,2018,626.0,False
BRYE,gentoo penguin,12.0,2018,543.0,False
BRYE,gentoo penguin,12.0,2018,505.0,False
BRYE,gentoo penguin,12.0,2019,529.0,False
BRYE,gentoo penguin,1.0,2022,392.0,False
BRYE,gentoo penguin,1.0,2022,427.0,False
BRYE,gentoo penguin,1.0,2022,169.0,False
BRYE,gentoo penguin,2.0,2022,181.0,False
BRYE,gentoo penguin,1.0,2023,271.0,False
BRYE,gentoo penguin,11.0,2022,342.0,False
BRYE,gentoo penguin,1.0,2024,596.0,False
BRYE,gentoo penguin,12.0,2023,593.0,False
BRYE,gentoo penguin,1.0,2025,596.0,False
BRYE,gentoo penguin,1.0,2025,564.0,False
BRYE,gentoo penguin,2.0,2025,743.0,False
BRYE,gentoo penguin,1.0,2026,701.0,False
BRYE,gentoo penguin,1.0,2026,653.0,False
BRYE,gentoo penguin,12.0,2025,716.0,False
BRYE,gentoo penguin,12.0,2025,799.0,False
BRYS,gentoo penguin,1.0,2016,784.0,False
BRYS,gentoo penguin,1.0,2016,733.0,False
BRYS,gentoo penguin,12.0,2016,719.0,False
BRYS,gentoo penguin,1.0,2018,740.0,False
BRYS,gentoo penguin,2.0,2018,905.0,False
BRYS,gentoo penguin,1.0,2019,608.0,False
BRYS,gentoo penguin,12.0,2018,473.0,False
BRYS,gentoo penguin,12.0,2018,722.0,False
BRYS,gentoo penguin,12.0,2019,741.0,False
BRYS,gentoo penguin,1.0,2021,677.0,False
BRYS,gentoo penguin,1.0,2022,467.0,False
BRYS,gentoo penguin,1.0,2022,191.0,False
BRYS,gentoo penguin,2.0,2022,158.0,False
BRYS,gentoo penguin,1.0,2023,312.0,False
BRYS,gentoo penguin,1.0,2024,842.0,False
BRYS,gentoo penguin,12.0,2023,792.0,False
BRYS,gentoo penguin,12.0,2023,732.0,False
BRYS,gentoo penguin,1.0,2025,823.0,False
BRYS,gentoo penguin,1.0,2025,867.0,False
BRYS,gentoo penguin,2.0,2025,1031.0,False
BRYS,gentoo penguin,1.0,2026,1104.0,False
BRYS,gentoo penguin,1.0,2026,886.0,False
BRYS,gentoo penguin,12.0,2025,1183.0,False
CARO,chinstrap penguin,1.0,2020,4000.0,False
CBYW,emperor penguin,1.0,2019,1000.0,True
CCMP,chinstrap penguin,1.0,2020,7346.0,False
CCMP,macaroni penguin,1.0,2020,116.0,False
CCOE,chinstrap penguin,1.0,2020,929.0,False
CCOE,gentoo penguin,1.0,2020,5898.0,False
CHAL,adelie penguin,12.0,2017,48572.0,False
CHAL,adelie penguin,12.0,2017,47373.0,True
CHAL,adelie penguin,12.0,2017,22075.0,True
CHAL,adelie penguin,12.0,2018,43688.0,False
CHAL,adelie penguin,12.0,2018,46991.0,True
CHAL,adelie penguin,12.0,2018,33968.0,True
CHAL,adelie penguin,12.0,2019,43704.0,True
CHAL,adelie penguin,12.0,2019,31969.0,True
CHAL,adelie penguin,12.0,2023,32351.0,False
CHAR,adelie penguin,1.0,2022,37.0,False
CHEC,chinstrap penguin,2.0,2020,5000.0,False
CHPT,chinstrap penguin,2.0,2024,1.0,False
CHPT,gentoo penguin,2.0,2024,342.0,False
CHSE,chinstrap penguin,12.0,2025,1057.0,False
CLIN,chinstrap penguin,1.0,2020,163.0,False
CLIN,macaroni penguin,1.0,2020,207.0,False
CMEL,chinstrap penguin,12.0,2019,3000.0,False
CMEL,chinstrap penguin,12.0,2022,4824.0,False
CMEL,chinstrap penguin,12.0,2022,4960.0,False
CMID,adelie penguin,12.0,2017,13525.0,False
CMID,adelie penguin,12.0,2018,13185.0,False
CMID,adelie penguin,12.0,2023,12146.0,False
CMUR,chinstrap penguin,1.0,2016,0.0,False
CNOR,adelie penguin,12.0,2017,3128.0,False
CNOR,adelie penguin,12.0,2023,1131.0,False
COBA,chinstrap penguin,2.0,2020,376.0,False
COBA,chinstrap penguin,1.0,2024,541.0,False
COBA,chinstrap penguin,12.0,2025,550.0,False
COFF,chinstrap penguin,2.0,2020,3000.0,False
CONW,chinstrap penguin,1.0,2020,0.0,False
CORI,chinstrap penguin,1.0,2019,0.0,True
COTT,adelie penguin,12.0,2017,46176.0,False
COTT,adelie penguin,12.0,2018,47424.0,False
COTT,adelie penguin,12.0,2023,33073.0,False
COUL,emperor penguin,10.0,2018,19822.0,False
CRAB,chinstrap penguin,1.0,2020,1228.0,False
CRAB,macaroni penguin,1.0,2020,129.0,False
CRIC,chinstrap penguin,12.0,2018,2674.0,False
CROB,chinstrap penguin,1.0,2020,30000.0,False
CROW,chinstrap penguin,2.0,2020,5000.0,False
CROZ,emperor penguin,11.0,2018,1416.0,False
CROZ,emperor penguin,11.0,2018,1664.0,False
CRUZ,emperor penguin,1.0,2019,1000.0,True
CRWL,chinstrap penguin,2.0,2020,6000.0,False
CRZE,adelie penguin,12.0,2016,29331.0,False
CRZE,adelie penguin,12.0,2017,28705.0,False
CRZE,adelie penguin,12.0,2018,30178.0,False
CRZE,adelie penguin,12.0,2019,27634.0,False
CRZE,adelie penguin,12.0,2021,23902.0,False
CRZE,adelie penguin,12.0,2022,18004.0,False
CRZE,adelie penguin,12.0,2023,17023.0,False
CRZE,adelie penguin,12.0,2024,20494.0,False
CRZW,adelie penguin,12.0,2016,251250.0,False
CRZW,adelie penguin,12.0,2017,258386.0,False
CRZW,adelie penguin,12.0,2018,282381.0,False
CRZW,adelie penguin,12.0,2019,258031.0,False
CRZW,adelie penguin,12.0,2021,226228.0,False
CRZW,adelie penguin,12.0,2022,180030.0,False
CRZW,adelie penguin,12.0,2023,172138.0,False
CRZW,adelie penguin,12.0,2024,222187.0,False
CSOU,adelie penguin,12.0,2017,37089.0,False
CSOU,adelie penguin,12.0,2018,27292.0,False
CSOU,adelie penguin,12.0,2023,20237.0,False
CUVE,gentoo penguin,12.0,2016,7845.0,False
CUVE,gentoo penguin,1.0,2018,6903.0,False
CUVE,gentoo penguin,12.0,2018,5633.0,False
CUVE,gentoo penguin,12.0,2019,7849.0,False
CUVE,gentoo penguin,1.0,2022,4461.0,False
CUVE,gentoo penguin,1.0,2025,9083.0,False
CUVE,gentoo penguin,1.0,2026,9721.0,False
CUVE,gentoo penguin,12.0,2025,9627.0,False
DAMO,gentoo penguin,1.0,2016,2079.0,False
DAMO,gentoo penguin,2.0,2016,929.0,False
DAMO,gentoo penguin,12.0,2016,2209.0,False
DAMO,gentoo penguin,1.0,2018,1989.0,False
DAMO,gentoo penguin,1.0,2018,2029.0,False
DAMO,gentoo penguin,12.0,2017,1835.0,False
DAMO,gentoo penguin,1.0,2019,1519.0,False
DAMO,gentoo penguin,1.0,2019,1678.0,False
DAMO,gentoo penguin,1.0,2019,351.0,False
DAMO,gentoo penguin,1.0,2022,615.0,False
DAMO,gentoo penguin,1.0,2023,1333.0,False
DAMO,gentoo penguin,1.0,2024,1523.0,False
DAMO,gentoo penguin,1.0,2024,1609.0,False
DAMO,gentoo penguin,1.0,2024,1443.0,False
DAMO,gentoo penguin,1.0,2024,1584.0,False
DAMO,gentoo penguin,1.0,2024,1642.0,False
DAMO,gentoo penguin,1.0,2024,1388.0,False
DAMO,gentoo penguin,1.0,2024,1625.0,False
DAMO,gentoo penguin,1.0,2024,1673.0,False
DAMO,gentoo penguin,12.0,2023,1529.0,False
DAMO,gentoo penguin,12.0,2023,1593.0,False
DAMO,gentoo penguin,2.0,2024,1947.0,False
DAMO,gentoo penguin,1.0,2025,1503.0,False
DAMO,gentoo penguin,12.0,2024,1532.0,False
DAMO,gentoo penguin,2.0,2025,1187.0,False
DAMO,gentoo penguin,2.0,2025,1597.0,False
DAMO,gentoo penguin,1.0,2026,1745.0,False
DAMO,gentoo penguin,12.0,2025,1892.0,False
DAMO,gentoo penguin,12.0,2025,1568.0,False
DANC,gentoo penguin,1.0,2016,3999.0,False
DANC,gentoo penguin,2.0,2016,2775.0,False
DANC,gentoo penguin,1.0,2017,2717.0,False
DANC,gentoo penguin,12.0,2016,2680.0,False
DANC,gentoo penguin,1.0,2018,2623.0,False
DANC,gentoo penguin,12.0,2017,2242.0,False
DANC,gentoo penguin,12.0,2017,2746.0,False
DANC,gentoo penguin,12.0,2018,1572.0,False
DANC,gentoo penguin,2.0,2022,732.0,False
DANC,gentoo penguin,1.0,2024,2326.0,False
DANC,gentoo penguin,12.0,2023,1491.0,False
DANC,gentoo penguin,12.0,2023,2333.0,False
DANC,gentoo penguin,2.0,2024,1823.0,False
DANC,gentoo penguin,2.0,2024,2136.0,False
DANC,gentoo penguin,2.0,2024,2488.0,False
DANC,gentoo penguin,2.0,2024,2176.0,False
DANC,gentoo penguin,1.0,2025,2332.0,False
DANC,gentoo penguin,1.0,2025,2480.0,False
DANC,gentoo penguin,1.0,2025,2443.0,False
DANC,gentoo penguin,1.0,2026,3022.0,False
DANC,gentoo penguin,12.0,2025,2762.0,False
DANC,gentoo penguin,12.0,2025,2878.0,False
DANC,gentoo penguin,12.0,2025,2700.0,False
DARL,emperor penguin,1.0,2019,1000.0,True
DARN,emperor penguin,11.0,2022,1378.0,False
DARN,emperor penguin,11.0,2022,7707.0,False
DECI,chinstrap penguin,1.0,2020,100.0,False
DECS,chinstrap penguin,1.0,2020,47.0,False
DELA,chinstrap penguin,12.0,2016,108.0,False
DEPT,gentoo penguin,2.0,2020,2000.0,False
DETA,adelie penguin,1.0,2016,510.0,False
DETA,adelie penguin,1.0,2018,370.0,False
DETA,adelie penguin,1.0,2025,301.0,False
DEVI,adelie penguin,1.0,2022,11978.0,False
DEVI,adelie penguin,12.0,2023,21003.0,False
DOBE,gentoo penguin,1.0,2016,181.0,False
DOBE,gentoo penguin,2.0,2016,82.0,False
DOBE,gentoo penguin,12.0,2016,197.0,False
DOBE,gentoo penguin,12.0,2016,200.0,False
DOBE,gentoo penguin,1.0,2018,176.0,False
DOBE,gentoo penguin,2.0,2018,264.0,False
DOBE,gentoo penguin,1.0,2019,157.0,False
DOBE,gentoo penguin,1.0,2019,152.0,False
DOBE,gentoo penguin,1.0,2019,164.0,False
DOBE,gentoo penguin,1.0,2019,188.0,False
DOBE,gentoo penguin,1.0,2019,50.0,False
DOBE,gentoo penguin,1.0,2022,67.0,False
DOBE,gentoo penguin,1.0,2023,101.0,False
DOBE,gentoo penguin,1.0,2024,131.0,False
DOBE,gentoo penguin,1.0,2024,170.0,False
DOBE,gentoo penguin,1.0,2024,159.0,False
DOBE,gentoo penguin,1.0,2024,212.0,False
DOBE,gentoo penguin,1.0,2024,188.0,False
DOBE,gentoo penguin,1.0,2024,179.0,False
DOBE,gentoo penguin,12.0,2023,164.0,False
DOBE,gentoo penguin,12.0,2023,150.0,False
DOBE,gentoo penguin,2.0,2024,217.0,False
DOBE,gentoo penguin,2.0,2024,212.0,False
DOBE,gentoo penguin,12.0,2024,147.0,False
DOBE,gentoo penguin,1.0,2026,211.0,False
DOBE,gentoo penguin,12.0,2025,217.0,False
DOBE,gentoo penguin,12.0,2025,185.0,False
DOWN,adelie penguin,12.0,2023,27905.0,False
EMER,chinstrap penguin,1.0,2020,40.0,False
DUKE,adelie penguin,12.0,2018,10045.0,False
DUKE,adelie penguin,12.0,2023,10137.0,False
DUND,gentoo penguin,1.0,2022,0.0,False
DUPT,chinstrap penguin,12.0,2018,14.0,False
DUPT,gentoo penguin,12.0,2018,354.0,False
DURV,adelie penguin,1.0,2017,18415.0,False
DURV,gentoo penguin,12.0,2016,962.0,False
EADI,chinstrap penguin,1.0,2019,8000.0,False
ECAP,chinstrap penguin,1.0,2020,500.0,False
ECKE,chinstrap penguin,1.0,2020,42.0,False
ECKE,chinstrap penguin,12.0,2025,36.0,False
EDEN,adelie penguin,1.0,2022,43709.0,False
EDWA,chinstrap penguin,2.0,2016,100.0,False
EIP1,chinstrap penguin,1.0,2020,3389.0,False
EIP2,chinstrap penguin,1.0,2020,840.0,False
EIP2,king penguin,1.0,2020,1.0,False
EIP3,chinstrap penguin,1.0,2020,1088.0,False
EIP4,chinstrap penguin,1.0,2020,0.0,False
EIP5,chinstrap penguin,1.0,2020,15.0,False
EIP6,chinstrap penguin,1.0,2020,61.0,False
ELLI,chinstrap penguin,2.0,2020,20000.0,False
ELPT,gentoo penguin,12.0,2019,3113.0,False
ELPT,gentoo penguin,12.0,2022,3374.0,False
ELPT,gentoo penguin,12.0,2023,4366.0,False
EMPE,adelie penguin,1.0,2024,813.0,False
ENTR,chinstrap penguin,1.0,2016,767.0,False
ENTR,chinstrap penguin,1.0,2016,797.0,False
ENTR,chinstrap penguin,1.0,2017,1042.0,False
ENTR,chinstrap penguin,12.0,2016,986.0,False
ENTR,chinstrap penguin,1.0,2018,856.0,False
ENTR,chinstrap penguin,1.0,2018,873.0,False
ENTR,chinstrap penguin,1.0,2019,853.0,False
ENTR,chinstrap penguin,12.0,2018,874.0,False
ENTR,chinstrap penguin,1.0,2021,797.0,False
ENTR,chinstrap penguin,1.0,2025,592.0,False
ENTR,chinstrap penguin,1.0,2025,1084.0,False
ENTR,macaroni penguin,1.0,2017,1.0,False
ENTR,macaroni penguin,1.0,2018,1.0,False
ENTR,macaroni penguin,1.0,2018,0.0,False
ENTW,chinstrap penguin,1.0,2019,3584.0,False
EPUR,chinstrap penguin,1.0,2020,2000.0,False
ESKI,chinstrap penguin,2.0,2020,700.0,False
FARE,chinstrap penguin,1.0,2016,99.0,False
FARE,chinstrap penguin,1.0,2019,91.0,False
FARE,chinstrap penguin,12.0,2019,69.0,False
FARE,chinstrap penguin,1.0,2025,58.0,False
FARE,chinstrap penguin,1.0,2025,56.0,False
FARE,chinstrap penguin,12.0,2025,64.0,False
FILD,chinstrap penguin,12.0,2016,229.0,False
FISH,adelie penguin,1.0,2023,545.0,False
FISH,adelie penguin,1.0,2025,988.0,False
FISH,adelie penguin,2.0,2025,744.0,False
FISH,adelie penguin,12.0,2025,902.0,False
FLOR,chinstrap penguin,1.0,2019,2000.0,False
FOLD,emperor penguin,9.0,2022,361.0,False
FOLD,emperor penguin,9.0,2022,234.0,False
FORT,chinstrap penguin,12.0,2016,1451.0,False
FORT,chinstrap penguin,1.0,2018,995.0,False
FORT,chinstrap penguin,1.0,2018,1243.0,False
FORT,chinstrap penguin,1.0,2019,1269.0,False
FORT,chinstrap penguin,12.0,2023,920.0,False
FORT,gentoo penguin,12.0,2016,654.0,False
FORT,gentoo penguin,1.0,2018,1006.0,False
FORT,gentoo penguin,1.0,2018,837.0,False
FORT,gentoo penguin,1.0,2019,1333.0,False
FORT,gentoo penguin,12.0,2023,1501.0,False
FORT,gentoo penguin,12.0,2023,1573.0,False
FORT,gentoo penguin,12.0,2025,2007.0,False
FORT,macaroni penguin,12.0,2016,1.0,False
FORT,macaroni penguin,1.0,2019,2.0,False
FORT,macaroni penguin,1.0,2019,0.0,False
FRED,chinstrap penguin,2.0,2020,20000.0,False
FRPT,chinstrap penguin,1.0,2025,19886.0,False
GALE,adelie penguin,12.0,2025,2.0,False
GALE,gentoo penguin,1.0,2017,578.0,False
GALE,gentoo penguin,1.0,2017,598.0,False
GALE,gentoo penguin,12.0,2023,1362.0,False
GALE,gentoo penguin,12.0,2025,1452.0,False
GAST,chinstrap penguin,1.0,2018,323.0,False
GAST,chinstrap penguin,1.0,2019,399.0,False
GAST,chinstrap penguin,1.0,2023,226.0,False
GAST,chinstrap penguin,1.0,2024,390.0,False
GAST,chinstrap penguin,12.0,2023,210.0,False
GAST,chinstrap penguin,12.0,2023,319.0,False
GAST,chinstrap penguin,12.0,2025,392.0,False
GATE,emperor penguin,1.0,2019,4500.0,True
GEOR,chinstrap penguin,1.0,2016,187.0,False
GEOR,chinstrap penguin,1.0,2017,161.0,False
GEOR,chinstrap penguin,12.0,2016,189.0,False
GEOR,chinstrap penguin,2.0,2018,207.0,False
GEOR,chinstrap penguin,1.0,2019,143.0,False
GEOR,chinstrap penguin,12.0,2019,148.0,False
GEOR,chinstrap penguin,1.0,2022,54.0,False
GEOR,chinstrap penguin,1.0,2025,78.0,False
GEOR,chinstrap penguin,1.0,2026,114.0,False
GEOR,gentoo penguin,1.0,2016,3354.0,False
GEOR,gentoo penguin,1.0,2017,3187.0,False
GEOR,gentoo penguin,12.0,2016,3949.0,False
GEOR,gentoo penguin,2.0,2018,3472.0,False
GEOR,gentoo penguin,1.0,2019,2301.0,False
GEOR,gentoo penguin,12.0,2019,2433.0,False
GEOR,gentoo penguin,1.0,2022,1361.0,False
GEOR,gentoo penguin,1.0,2025,2776.0,False
GEOR,gentoo penguin,1.0,2026,2101.0,False
GEOR,gentoo penguin,1.0,2026,2853.0,False
GERL,adelie penguin,2.0,2020,71.0,False
GERL,adelie penguin,1.0,2022,68.0,False
GERL,chinstrap penguin,2.0,2020,2577.0,False
GERL,chinstrap penguin,1.0,2022,2659.0,False
GERL,gentoo penguin,2.0,2020,2781.0,False
GERL,gentoo penguin,1.0,2022,2675.0,False
GIBA,chinstrap penguin,1.0,2020,0.0,False
GING,adelie penguin,1.0,2024,2192.0,False
GIPP,emperor penguin,10.0,2016,200.0,False
GLAN,gentoo penguin,2.0,2020,95.0,False
GLAN,gentoo penguin,12.0,2025,115.0,False
GOLF,chinstrap penguin,1.0,2020,20.0,False
GREE,chinstrap penguin,1.0,2020,3099.0,False
GREE,gentoo penguin,1.0,2020,330.0,False
GREE,king penguin,1.0,2020,1.0,False
GREE,macaroni penguin,1.0,2020,99.0,False
GREI,gentoo penguin,1.0,2018,17.0,False
GREI,gentoo penguin,1.0,2019,40.0,True
GREI,gentoo penguin,2.0,2024,82.0,False
GREY,chinstrap penguin,2.0,2020,1000.0,False
GUES,chinstrap penguin,2.0,2020,6.0,False
GUES,chinstrap penguin,2.0,2020,4.0,False
GUES,chinstrap penguin,12.0,2024,8.0,False
HALF,chinstrap penguin,1.0,2016,1723.0,False
HALF,chinstrap penguin,1.0,2016,1968.0,False
HALF,chinstrap penguin,1.0,2017,1972.0,False
HALF,chinstrap penguin,1.0,2017,1856.0,False
HALF,chinstrap penguin,1.0,2017,2749.0,False
HALF,chinstrap penguin,12.0,2016,1903.0,False
HALF,chinstrap penguin,1.0,2019,1216.0,False
HALF,chinstrap penguin,12.0,2019,1170.0,False
HALF,chinstrap penguin,12.0,2019,1532.0,False
HALF,chinstrap penguin,12.0,2019,1298.0,False
HALF,chinstrap penguin,2.0,2022,1119.0,False
HALF,chinstrap penguin,1.0,2023,1083.0,False
HALF,chinstrap penguin,11.0,2022,922.0,False
HALF,chinstrap penguin,1.0,2024,1240.0,False
HALF,chinstrap penguin,1.0,2024,1067.0,False
HALF,chinstrap penguin,1.0,2024,1230.0,False
HALF,chinstrap penguin,12.0,2023,1263.0,False
HALF,chinstrap penguin,12.0,2023,1201.0,False
HALF,chinstrap penguin,2.0,2024,1393.0,False
HALF,chinstrap penguin,1.0,2025,1237.0,False
HALF,chinstrap penguin,12.0,2024,1053.0,False
HALF,chinstrap penguin,1.0,2026,1202.0,False
HALF,chinstrap penguin,1.0,2026,1425.0,False
HALF,chinstrap penguin,11.0,2025,1493.0,False
HALF,chinstrap penguin,11.0,2025,1542.0,False
HALF,chinstrap penguin,2.0,2026,1578.0,False
HALF,macaroni penguin,1.0,2017,2.0,False
HALF,macaroni penguin,1.0,2019,2.0,False
HALF,macaroni penguin,12.0,2019,1.0,False
HALF,macaroni penguin,1.0,2024,1.0,False
HANE,gentoo penguin,1.0,2020,3812.0,False
HANN,chinstrap penguin,1.0,2016,773.0,False
HANN,chinstrap penguin,1.0,2020,975.0,False
HANN,gentoo penguin,1.0,2016,2820.0,False
HANN,gentoo penguin,1.0,2020,3518.0,False
HANN,macaroni penguin,1.0,2016,0.0,False
HANN,macaroni penguin,2.0,2016,0.0,False
HARE,chinstrap penguin,12.0,2016,989.0,False
HARM,chinstrap penguin,12.0,2024,38080.0,False
HARM,gentoo penguin,12.0,2024,3659.0,False
HERO,gentoo penguin,12.0,2023,919.0,False
HOOK,chinstrap penguin,1.0,2020,10000.0,False
HOPE,gentoo penguin,12.0,2017,467.0,False
HORS,chinstrap penguin,1.0,2020,200.0,False
HOVG,gentoo penguin,2.0,2018,2301.0,False
HPNE,chinstrap penguin,1.0,2020,1513.0,False
HPNE,chinstrap penguin,1.0,2022,1052.0,False
HPNE,chinstrap penguin,12.0,2025,1466.0,False
HPNE,macaroni penguin,1.0,2022,4.0,False
HPNE,macaroni penguin,1.0,2022,1.0,False
HPSW,chinstrap penguin,1.0,2020,1029.0,False
HPSW,chinstrap penguin,1.0,2022,302.0,False
HPSW,chinstrap penguin,2.0,2022,694.0,False
HPSW,macaroni penguin,2.0,2022,5.0,False
HUKU,adelie penguin,12.0,2016,108.0,False
HUKU,adelie penguin,2.0,2017,143.0,False
HUMN,gentoo penguin,1.0,2020,5.0,False
HUMN,gentoo penguin,12.0,2025,63.0,False
HUMP,gentoo penguin,12.0,2025,387.0,False
HUNT,chinstrap penguin,2.0,2020,500.0,False
HUNT,chinstrap penguin,2.0,2026,450.0,False
HUTB,chinstrap penguin,1.0,2020,1785.0,False
HUTB,gentoo penguin,1.0,2020,558.0,False
HUTB,king penguin,1.0,2020,2.0,False
HYDR,chinstrap penguin,12.0,2016,878.0,False
HYDR,chinstrap penguin,2.0,2020,516.0,False
HYDR,chinstrap penguin,12.0,2023,790.0,False
HYDR,chinstrap penguin,12.0,2023,885.0,False
HYDR,chinstrap penguin,12.0,2024,945.0,False
HYDR,chinstrap penguin,12.0,2025,953.0,False
HYDR,chinstrap penguin,12.0,2025,815.0,False
HYDS,chinstrap penguin,12.0,2016,306.0,False
HYDS,chinstrap penguin,2.0,2020,347.0,False
HYDS,chinstrap penguin,12.0,2023,557.0,False
HYDS,chinstrap penguin,12.0,2025,676.0,False
INAC,chinstrap penguin,11.0,2019,2000.0,False
INEX,adelie penguin,12.0,2017,28545.0,False
INEX,adelie penguin,12.0,2017,25904.0,True
INEX,adelie penguin,12.0,2018,34358.0,False
INEX,adelie penguin,12.0,2019,29899.0,True
INEX,adelie penguin,12.0,2019,28362.0,True
INEX,adelie penguin,12.0,2023,29012.0,False
JACO,chinstrap penguin,1.0,2020,1064.0,False
JACO,gentoo penguin,1.0,2020,2580.0,False
JACO,macaroni penguin,1.0,2020,235.0,False
JACP,chinstrap penguin,12.0,2017,37.0,False
JACP,chinstrap penguin,1.0,2019,59.0,False
JACP,chinstrap penguin,12.0,2018,44.0,False
JACP,chinstrap penguin,12.0,2025,46.0,False
JESS,chinstrap penguin,1.0,2019,2000.0,False
JONA,gentoo penguin,12.0,2016,45.0,False
JONE,adelie penguin,12.0,2017,31.0,False
JONE,adelie penguin,12.0,2018,40.0,False
JONE,adelie penguin,12.0,2023,25.0,False
JOUB,chinstrap penguin,1.0,2022,289.0,False
JOUB,gentoo penguin,1.0,2022,973.0,False
JOUG,gentoo penguin,12.0,2016,1030.0,False
JOUG,gentoo penguin,12.0,2016,1133.0,False
JOUG,gentoo penguin,12.0,2017,986.0,False
JOUG,gentoo penguin,12.0,2017,1089.0,False
JOUG,gentoo penguin,2.0,2018,1319.0,False
JOUG,gentoo penguin,12.0,2018,1003.0,False
JOUG,gentoo penguin,1.0,2020,962.0,False
JOUG,gentoo penguin,12.0,2019,1002.0,False
JOUG,gentoo penguin,1.0,2021,1537.0,False
JOUG,gentoo penguin,1.0,2022,1905.0,False
JOUG,gentoo penguin,12.0,2022,812.0,False
JOUG,gentoo penguin,12.0,2023,1257.0,False
JOUG,gentoo penguin,12.0,2023,1229.0,False
JOUG,gentoo penguin,2.0,2024,1575.0,False
JOUG,gentoo penguin,1.0,2025,1335.0,False
JOUG,gentoo penguin,1.0,2025,1308.0,False
JOUG,gentoo penguin,1.0,2025,1367.0,False
JOUG,gentoo penguin,1.0,2025,1309.0,False
JOUG,gentoo penguin,1.0,2026,2642.0,False
JOUG,gentoo penguin,12.0,2025,1515.0,False
JOUG,gentoo penguin,12.0,2025,1628.0,False
KARE,emperor penguin,1.0,2019,1000.0,True
KATE,chinstrap penguin,2.0,2018,0.0,False
KAYR,chinstrap penguin,1.0,2019,0.0,False
KAYR,chinstrap penguin,12.0,2023,0.0,False
KETL,chinstrap penguin,2.0,2024,571.0,False
KETL,gentoo penguin,2.0,2024,1200.0,False
KILI,chinstrap penguin,12.0,2018,,False
KITC,chinstrap penguin,2.0,2016,700.0,False
KLOA,emperor penguin,9.0,2022,3470.0,False
LAUT,gentoo penguin,12.0,2025,405.0,False
LAZN,emperor penguin,1.0,2018,,True
LAZN,emperor penguin,1.0,2019,,True
LAZN,emperor penguin,1.0,2020,,True
LAZN,emperor penguin,1.0,2021,,True
LAZN,emperor penguin,1.0,2022,,True
LION,adelie penguin,1.0,2018,3473.0,True
LION,adelie penguin,1.0,2023,2716.0,True
LION,chinstrap penguin,1.0,2018,42.0,True
LION,chinstrap penguin,1.0,2023,39.0,True
LION,gentoo penguin,1.0,2018,3789.0,True
LION,gentoo penguin,1.0,2023,3769.0,True
LLAN,adelie penguin,11.0,2016,2477.0,False
LLAN,adelie penguin,11.0,2017,2354.0,False
LLAN,adelie penguin,11.0,2018,1067.0,False
LOCK,gentoo penguin,1.0,2016,316.0,False
LOCK,gentoo penguin,1.0,2017,605.0,False
LOCK,gentoo penguin,12.0,2016,544.0,False
LOCK,gentoo penguin,1.0,2018,610.0,False
LOCK,gentoo penguin,11.0,2017,555.0,False
LOCK,gentoo penguin,1.0,2019,535.0,False
LOCK,gentoo penguin,1.0,2019,468.0,False
LOCK,gentoo penguin,12.0,2018,523.0,False
LOCK,gentoo penguin,12.0,2018,508.0,False
LOCK,gentoo penguin,1.0,2020,539.0,False
LOCK,gentoo penguin,12.0,2019,499.0,False
LOCK,gentoo penguin,1.0,2021,666.0,False
LOCK,gentoo penguin,1.0,2022,978.0,False
LOCK,gentoo penguin,1.0,2022,529.0,True
LOOK,chinstrap penguin,12.0,2016,2869.0,False
LOOK,chinstrap penguin,1.0,2020,1914.0,False
LOOK,gentoo penguin,1.0,2016,178.0,False
LOOK,macaroni penguin,1.0,2020,303.0,False
LOUB,gentoo penguin,12.0,2023,235.0,False
MABE,chinstrap penguin,1.0,2020,1000.0,False
MADD,adelie penguin,12.0,2024,36616.0,False
MADD,gentoo penguin,1.0,2016,539.0,False
MADD,gentoo penguin,2.0,2016,621.0,False
MADD,gentoo penguin,1.0,2018,550.0,False
MADD,gentoo penguin,12.0,2024,550.0,False
MADI,adelie penguin,1.0,2018,1000.0,False
MADI,gentoo penguin,1.0,2018,220.0,False
MADI,gentoo penguin,12.0,2019,488.0,False
MAND,adelie penguin,12.0,2017,23193.0,False
MAND,adelie penguin,12.0,2018,24721.0,False
MAND,adelie penguin,12.0,2023,19246.0,False
MATH,chinstrap penguin,2.0,2020,20000.0,False
MEDL,adelie penguin,1.0,2022,4563.0,False
MEDL,gentoo penguin,1.0,2022,1658.0,False
METH,chinstrap penguin,1.0,2019,3000.0,False
MIDA,chinstrap penguin,2.0,2016,180.0,False
MIDD,chinstrap penguin,12.0,2022,627.0,False
MIKK,gentoo penguin,1.0,2016,898.0,False
MIKK,gentoo penguin,12.0,2016,1262.0,False
MIKK,gentoo penguin,12.0,2016,1104.0,False
MIKK,gentoo penguin,1.0,2018,1123.0,False
MIKK,gentoo penguin,12.0,2017,1192.0,False
MIKK,gentoo penguin,12.0,2017,1153.0,False
MIKK,gentoo penguin,1.0,2019,903.0,False
MIKK,gentoo penguin,12.0,2018,1030.0,False
MIKK,gentoo penguin,12.0,2019,1114.0,False
MIKK,gentoo penguin,1.0,2023,677.0,False
MIKK,gentoo penguin,1.0,2024,1244.0,False
MIKK,gentoo penguin,1.0,2024,1377.0,False
MIKK,gentoo penguin,1.0,2024,1058.0,False
MIKK,gentoo penguin,12.0,2023,1098.0,False
MIKK,gentoo penguin,12.0,2024,1381.0,False
MIKK,gentoo penguin,1.0,2026,1268.0,False
MIKK,gentoo penguin,12.0,2025,1653.0,False
MIKK,gentoo penguin,12.0,2025,1636.0,False
MONU,chinstrap penguin,12.0,2019,180.0,False
MONU,chinstrap penguin,12.0,2025,561.0,False
MOOT,gentoo penguin,1.0,2016,292.0,False
MOOT,gentoo penguin,2.0,2016,430.0,False
MOOT,gentoo penguin,1.0,2018,925.0,False
MOOT,gentoo penguin,1.0,2018,634.0,False
MOOT,gentoo penguin,1.0,2020,629.0,True
MOOT,gentoo penguin,1.0,2020,1050.0,True
MOOT,gentoo penguin,1.0,2023,743.0,False
MOOT,gentoo penguin,1.0,2023,761.0,False
MOOT,gentoo penguin,12.0,2022,830.0,False
MOOT,gentoo penguin,12.0,2025,809.0,False
MOOT,gentoo penguin,12.0,2025,1058.0,False
MOSS,chinstrap penguin,1.0,2019,2000.0,False
MUCK,chinstrap penguin,1.0,2020,2114.0,False
MUCK,gentoo penguin,1.0,2020,1482.0,False
MURR,chinstrap penguin,1.0,2019,4000.0,False
NANC,chinstrap penguin,12.0,2016,9464.0,False
NEDU,adelie penguin,1.0,2022,1253.0,False
NEDU,gentoo penguin,1.0,2022,1917.0,False
NEKO,gentoo penguin,2.0,2016,1485.0,False
NEKO,gentoo penguin,1.0,2017,1174.0,False
NEKO,gentoo penguin,12.0,2016,1145.0,False
NEKO,gentoo penguin,1.0,2018,973.0,False
NEKO,gentoo penguin,1.0,2019,953.0,False
NEKO,gentoo penguin,1.0,2019,1058.0,False
NEKO,gentoo penguin,12.0,2018,916.0,False
NEKO,gentoo penguin,1.0,2020,853.0,False
NEKO,gentoo penguin,12.0,2019,945.0,False
NEKO,gentoo penguin,12.0,2019,905.0,False
NEKO,gentoo penguin,2.0,2022,603.0,False
NEKO,gentoo penguin,1.0,2023,806.0,False
NEKO,gentoo penguin,2.0,2023,705.0,False
NEKO,gentoo penguin,1.0,2024,830.0,False
NEKO,gentoo penguin,1.0,2024,1162.0,False
NEKO,gentoo penguin,12.0,2023,1264.0,False
NEKO,gentoo penguin,1.0,2025,1115.0,False
NEKO,gentoo penguin,1.0,2025,1464.0,False
NEKO,gentoo penguin,1.0,2025,1353.0,False
NEKO,gentoo penguin,12.0,2024,1123.0,False
NEKO,gentoo penguin,12.0,2024,1267.0,False
NEKO,gentoo penguin,12.0,2024,1179.0,False
NEKO,gentoo penguin,12.0,2024,1238.0,False
NEKO,gentoo penguin,1.0,2026,1485.0,False
NEKO,gentoo penguin,1.0,2026,1708.0,False
NEKO,gentoo penguin,1.0,2026,1287.0,False
NFOR,chinstrap penguin,1.0,2020,20000.0,False
NINN,emperor penguin,1.0,2019,3000.0,True
NMED,adelie penguin,1.0,2022,1008.0,False
NMED,gentoo penguin,1.0,2022,44.0,False
NOBL,gentoo penguin,1.0,2016,35.0,False
NOBL,gentoo penguin,2.0,2018,48.0,False
NOBL,gentoo penguin,1.0,2019,40.0,False
NOBL,gentoo penguin,1.0,2019,37.0,False
NOBL,gentoo penguin,1.0,2020,39.0,False
NOBL,gentoo penguin,1.0,2024,52.0,False
NOBL,gentoo penguin,12.0,2024,49.0,False
NOBL,gentoo penguin,1.0,2026,40.0,False
NORF,adelie penguin,12.0,2017,14751.0,False
NORF,adelie penguin,12.0,2018,11438.0,False
NORF,adelie penguin,12.0,2023,9403.0,False
NTAY,chinstrap penguin,1.0,2020,70.0,False
OBRI,chinstrap penguin,1.0,2019,7000.0,False
ONEI,gentoo penguin,1.0,2019,271.0,False
ONEI,gentoo penguin,12.0,2025,260.0,False
ORCW,chinstrap penguin,1.0,2020,6062.0,False
ORNE,chinstrap penguin,12.0,2016,298.0,False
ORNE,chinstrap penguin,1.0,2018,250.0,False
ORNE,chinstrap penguin,12.0,2023,329.0,False
ORNE,chinstrap penguin,2.0,2025,222.0,False
ORNE,chinstrap penguin,1.0,2026,283.0,False
ORNE,gentoo penguin,12.0,2016,483.0,False
ORNE,gentoo penguin,1.0,2018,412.0,False
ORNE,gentoo penguin,1.0,2019,401.0,False
ORNE,gentoo penguin,2.0,2025,1243.0,False
ORNE,gentoo penguin,1.0,2026,2156.0,False
ORRO,chinstrap penguin,12.0,2019,200.0,False
ORRO,chinstrap penguin,12.0,2022,0.0,False
PABE,gentoo penguin,12.0,2018,0.0,False
PALA,chinstrap penguin,11.0,2018,450.0,False
PALA,chinstrap penguin,12.0,2023,1044.0,False
PALA,chinstrap penguin,12.0,2023,1045.0,False
PALA,chinstrap penguin,12.0,2023,1094.0,False
PALA,chinstrap penguin,12.0,2023,1143.0,False
PALA,chinstrap penguin,1.0,2025,915.0,False
PALA,chinstrap penguin,12.0,2024,903.0,False
PALA,chinstrap penguin,12.0,2024,963.0,False
PALA,chinstrap penguin,12.0,2024,979.0,False
PALA,chinstrap penguin,2.0,2025,1309.0,False
PALA,chinstrap penguin,1.0,2026,1434.0,False
PALA,chinstrap penguin,1.0,2026,1474.0,False
PALA,chinstrap penguin,1.0,2026,1754.0,False
PALA,chinstrap penguin,12.0,2025,1077.0,False
PBAY,emperor penguin,1.0,2019,1000.0,True
PCHA,adelie penguin,2.0,2016,6.0,False
PCHA,adelie penguin,12.0,2016,8.0,False
PCHA,adelie penguin,1.0,2018,10.0,False
PCHA,adelie penguin,12.0,2019,4.0,False
PCHA,adelie penguin,1.0,2024,4.0,False
PCHA,adelie penguin,1.0,2024,3.0,False
PCHA,adelie penguin,12.0,2023,3.0,False
PCHA,adelie penguin,2.0,2024,4.0,False
PCHA,adelie penguin,2.0,2024,2.0,False
PCHA,adelie penguin,1.0,2025,4.0,False
PCHA,adelie penguin,1.0,2025,3.0,False
PCHA,adelie penguin,12.0,2024,4.0,False
PCHA,adelie penguin,12.0,2025,4.0,False
PCHA,chinstrap penguin,2.0,2016,25.0,False
PCHA,chinstrap penguin,12.0,2016,16.0,False
PCHA,chinstrap penguin,1.0,2018,18.0,False
PCHA,chinstrap penguin,12.0,2019,11.0,False
PCHA,chinstrap penguin,1.0,2020,18.0,True
PCHA,chinstrap penguin,1.0,2020,32.0,True
PCHA,chinstrap penguin,1.0,2024,18.0,False
PCHA,chinstrap penguin,12.0,2023,4.0,False
PCHA,chinstrap penguin,2.0,2024,27.0,False
PCHA,chinstrap penguin,2.0,2024,33.0,False
PCHA,chinstrap penguin,1.0,2025,17.0,False
PCHA,chinstrap penguin,1.0,2025,22.0,False
PCHA,chinstrap penguin,12.0,2024,19.0,False
PCHA,chinstrap penguin,12.0,2025,20.0,False
PCHA,gentoo penguin,2.0,2016,1023.0,False
PCHA,gentoo penguin,12.0,2016,1585.0,False
PCHA,gentoo penguin,1.0,2018,1484.0,False
PCHA,gentoo penguin,12.0,2019,1556.0,False
PCHA,gentoo penguin,12.0,2020,2371.0,True
PCHA,gentoo penguin,1.0,2024,1614.0,False
PCHA,gentoo penguin,12.0,2023,1624.0,False
PCHA,gentoo penguin,12.0,2023,1340.0,False
PCHA,gentoo penguin,2.0,2024,753.0,False
PCHA,gentoo penguin,1.0,2025,1644.0,False
PCHA,gentoo penguin,1.0,2025,1673.0,False
PCHA,gentoo penguin,12.0,2025,1990.0,False
PENG,adelie penguin,1.0,2018,142.0,False
PENG,chinstrap penguin,1.0,2018,2252.0,False
PENG,chinstrap penguin,12.0,2017,2537.0,False
PEPO,adelie penguin,1.0,2022,21561.0,False
PETE,adelie penguin,1.0,2016,363.0,False
PETE,adelie penguin,1.0,2018,238.0,False
PETE,adelie penguin,1.0,2018,292.0,False
PETE,adelie penguin,1.0,2020,174.0,True
PETE,adelie penguin,1.0,2020,319.0,True
PETE,adelie penguin,1.0,2023,210.0,False
PETE,adelie penguin,2.0,2024,185.0,False
PETE,adelie penguin,12.0,2025,176.0,False
PETE,adelie penguin,12.0,2025,170.0,False
PETE,gentoo penguin,1.0,2018,3516.0,False
PETE,gentoo penguin,1.0,2020,3498.0,True
PETE,gentoo penguin,1.0,2020,4960.0,True
PETE,gentoo penguin,12.0,2025,4726.0,False
PETE,gentoo penguin,2.0,2026,5292.0,False
PFRO,emperor penguin,1.0,2019,1500.0,True
PGEO,adelie penguin,1.0,2016,47873.0,True
PGEO,adelie penguin,1.0,2017,47058.0,True
PGEO,emperor penguin,1.0,2016,3762.0,True
PGEO,emperor penguin,1.0,2017,3396.0,True
PHIL,adelie penguin,12.0,2017,15685.0,False
PHIL,adelie penguin,12.0,2023,9799.0,False
PING,chinstrap penguin,1.0,2016,3338.0,False
PING,chinstrap penguin,1.0,2017,3136.0,False
PING,chinstrap penguin,12.0,2016,3143.0,False
PING,chinstrap penguin,12.0,2016,3296.0,False
PING,chinstrap penguin,12.0,2016,3571.0,False
PING,chinstrap penguin,12.0,2017,3328.0,False
PING,chinstrap penguin,12.0,2017,3399.0,False
PING,chinstrap penguin,12.0,2017,3217.0,False
PING,chinstrap penguin,12.0,2018,2937.0,False
PING,chinstrap penguin,12.0,2018,3393.0,False
PING,chinstrap penguin,12.0,2023,3567.0,False
PING,chinstrap penguin,1.0,2025,5452.0,False
PING,chinstrap penguin,1.0,2025,3408.0,False
PKUP,chinstrap penguin,2.0,2020,200.0,False
PLDR,chinstrap penguin,1.0,2020,5165.0,False
PLDR,macaroni penguin,1.0,2020,4.0,False
PLEN,adelie penguin,1.0,2016,0.0,False
PLEN,adelie penguin,2.0,2016,0.0,False
PLEN,adelie penguin,1.0,2018,1.0,False
PLEN,adelie penguin,1.0,2018,2.0,False
PLEN,gentoo penguin,1.0,2016,2786.0,False
PLEN,gentoo penguin,1.0,2016,2540.0,False
PLEN,gentoo penguin,2.0,2016,1578.0,False
PLEN,gentoo penguin,1.0,2018,3027.0,False
PLEN,gentoo penguin,1.0,2018,3931.0,False
PLEN,gentoo penguin,1.0,2023,2642.0,False
PLEN,gentoo penguin,12.0,2025,1816.0,False
POIN,emperor penguin,1.0,2019,1500.0,True
POSA,emperor penguin,11.0,2022,123.0,False
POSA,emperor penguin,11.0,2022,155.0,False
PRAE,chinstrap penguin,2.0,2020,1000.0,False
PRES,chinstrap penguin,1.0,2022,0.0,False
PRIM,gentoo penguin,12.0,2016,565.0,False
PRIN,gentoo penguin,12.0,2025,436.0,False
PTHO,adelie penguin,11.0,2016,4634.0,False
PTHO,adelie penguin,11.0,2017,3782.0,False
PTHO,adelie penguin,11.0,2018,3697.0,False
PURD,chinstrap penguin,1.0,2020,3000.0,False
PYPT,chinstrap penguin,12.0,2025,3.0,False
PYPT,gentoo penguin,12.0,2025,3091.0,False
QPTM,chinstrap penguin,2.0,2020,485.0,False
QPTM,gentoo penguin,2.0,2020,148.0,False
QPTN,chinstrap penguin,2.0,2020,1281.0,False
QPTS,chinstrap penguin,2.0,2020,1344.0,False
QPTW,chinstrap penguin,2.0,2020,377.0,False
RASM,gentoo penguin,1.0,2018,8.0,False
RASM,gentoo penguin,1.0,2020,19.0,True
RASM,gentoo penguin,1.0,2020,27.0,True
RASM,gentoo penguin,2.0,2024,156.0,False
RAYN,chinstrap penguin,1.0,2020,7000.0,False
RENI,chinstrap penguin,1.0,2016,157.0,False
RENI,chinstrap penguin,1.0,2017,258.0,False
RENI,chinstrap penguin,1.0,2019,32.0,False
RENI,chinstrap penguin,12.0,2024,27.0,False
ROBE,chinstrap penguin,12.0,2016,2889.0,False
ROBE,gentoo penguin,12.0,2016,917.0,False
ROCA,chinstrap penguin,1.0,2020,5000.0,False
ROGE,emperor penguin,10.0,2018,5221.0,False
RONE,gentoo penguin,1.0,2016,389.0,False
RONE,gentoo penguin,12.0,2016,392.0,False
RONE,gentoo penguin,1.0,2018,431.0,False
RONE,gentoo penguin,1.0,2019,441.0,False
RONE,gentoo penguin,1.0,2020,531.0,False
RONE,gentoo penguin,1.0,2022,329.0,False
RONE,gentoo penguin,2.0,2022,230.0,False
RONE,gentoo penguin,1.0,2025,703.0,False
RONE,gentoo penguin,1.0,2025,827.0,False
RONE,gentoo penguin,1.0,2026,557.0,False
RONE,gentoo penguin,1.0,2026,588.0,False
RONE,gentoo penguin,12.0,2025,561.0,False
ROQU,chinstrap penguin,2.0,2020,300.0,False
ROTA,chinstrap penguin,12.0,2016,383.0,False
ROWE,macaroni penguin,12.0,2016,500.0,False
ROWE,macaroni penguin,1.0,2020,575.0,False
ROYD,adelie penguin,12.0,2016,1746.0,False
ROYD,adelie penguin,12.0,2017,2629.0,False
ROYD,adelie penguin,12.0,2018,3103.0,False
ROYD,adelie penguin,12.0,2019,3058.0,False
ROYD,adelie penguin,12.0,2021,1807.0,False
ROYD,adelie penguin,12.0,2022,2378.0,False
ROYD,adelie penguin,12.0,2023,2029.0,False
ROYD,adelie penguin,12.0,2024,3058.0,False
RRRI,adelie penguin,1.0,2019,4572.0,False
RRRI,adelie penguin,1.0,2020,3245.0,False
RRRI,adelie penguin,12.0,2025,5679.0,False
RUGG,chinstrap penguin,1.0,2016,1484.0,False
RUGG,chinstrap penguin,1.0,2017,1950.0,False
RUGG,chinstrap penguin,1.0,2024,1142.0,False
RZEP,chinstrap penguin,12.0,2016,7162.0,False
SABC,emperor penguin,12.0,2022,672.0,False
SABC,emperor penguin,12.0,2022,4278.0,False
SADD,chinstrap penguin,1.0,2020,60000.0,False
SANE,gentoo penguin,1.0,2019,168.0,False
SANE,gentoo penguin,12.0,2025,157.0,False
SAPT,chinstrap penguin,2.0,2020,6196.0,False
SART,chinstrap penguin,12.0,2016,364.0,False
SART,chinstrap penguin,1.0,2018,321.0,False
SART,chinstrap penguin,1.0,2019,303.0,False
SCRY,gentoo penguin,1.0,2022,75.0,False
SEGI,chinstrap penguin,2.0,2020,56.0,False
SELV,chinstrap penguin,2.0,2016,86.0,False
SELV,chinstrap penguin,1.0,2017,60.0,False
SELV,chinstrap penguin,12.0,2016,59.0,False
SELV,chinstrap penguin,12.0,2016,81.0,False
SELV,chinstrap penguin,1.0,2018,63.0,False
SELV,chinstrap penguin,1.0,2019,47.0,False
SELV,chinstrap penguin,12.0,2018,56.0,False
SELV,chinstrap penguin,12.0,2019,67.0,False
SELV,chinstrap penguin,1.0,2025,58.0,False
SELV,chinstrap penguin,1.0,2025,60.0,False
SELV,chinstrap penguin,1.0,2026,182.0,False
SELV,gentoo penguin,2.0,2016,538.0,False
SELV,gentoo penguin,1.0,2017,595.0,False
SELV,gentoo penguin,12.0,2016,604.0,False
SELV,gentoo penguin,12.0,2016,614.0,False
SELV,gentoo penguin,1.0,2018,618.0,False
SELV,gentoo penguin,1.0,2019,356.0,False
SELV,gentoo penguin,12.0,2018,155.0,False
SELV,gentoo penguin,12.0,2019,656.0,False
SELV,gentoo penguin,1.0,2025,661.0,False
SELV,gentoo penguin,1.0,2025,680.0,False
SELV,gentoo penguin,1.0,2026,675.0,False
SHAC,emperor penguin,12.0,2022,1339.0,False
SHAC,emperor penguin,12.0,2022,10738.0,False
SHIL,chinstrap penguin,1.0,2020,1014.0,False
SHIR,chinstrap penguin,1.0,2016,3060.0,True
SHIR,chinstrap penguin,1.0,2017,2449.0,True
SHIR,chinstrap penguin,1.0,2018,2095.0,True
SHIR,chinstrap penguin,1.0,2019,2170.0,True
SHIR,gentoo penguin,1.0,2016,771.0,True
SHIR,gentoo penguin,1.0,2017,705.0,True
SHIR,gentoo penguin,1.0,2018,674.0,True
SHIR,gentoo penguin,1.0,2019,708.0,True
SKET,gentoo penguin,12.0,2019,543.0,False
SKIL,chinstrap penguin,2.0,2020,5000.0,False
SKOT,gentoo penguin,1.0,2016,365.0,False
SKOT,gentoo penguin,2.0,2016,239.0,False
SKOT,gentoo penguin,12.0,2016,482.0,False
SKOT,gentoo penguin,12.0,2017,444.0,False
SKOT,gentoo penguin,12.0,2017,382.0,False
SKOT,gentoo penguin,1.0,2019,292.0,False
SKOT,gentoo penguin,2.0,2023,216.0,False
SKOT,gentoo penguin,1.0,2024,469.0,False
SKOT,gentoo penguin,1.0,2024,458.0,False
SKOT,gentoo penguin,12.0,2023,300.0,False
SKOT,gentoo penguin,1.0,2026,458.0,False
SKOT,gentoo penguin,12.0,2025,505.0,False
SKOT,gentoo penguin,12.0,2025,498.0,False
SKOT,gentoo penguin,12.0,2025,506.0,False
SMAT,chinstrap penguin,2.0,2020,20000.0,False
SPIG,chinstrap penguin,1.0,2016,545.0,False
SPIG,chinstrap penguin,2.0,2016,178.0,False
SPIG,chinstrap penguin,12.0,2016,496.0,False
SPIG,chinstrap penguin,2.0,2024,390.0,False
SPIG,chinstrap penguin,1.0,2025,378.0,False
SPIG,chinstrap penguin,1.0,2025,244.0,False
SPIG,chinstrap penguin,1.0,2026,347.0,False
SPIG,chinstrap penguin,1.0,2026,385.0,False
SPIP,chinstrap penguin,2.0,2016,287.0,False
SPIP,chinstrap penguin,1.0,2017,435.0,False
SPIP,chinstrap penguin,12.0,2016,332.0,False
SPIP,chinstrap penguin,1.0,2019,250.0,False
SPIP,chinstrap penguin,12.0,2023,252.0,False
SPIP,chinstrap penguin,12.0,2023,271.0,False
SPIP,chinstrap penguin,2.0,2024,416.0,False
SPIP,chinstrap penguin,1.0,2025,357.0,False
SPIP,chinstrap penguin,1.0,2025,365.0,False
SPIP,chinstrap penguin,12.0,2025,276.0,False
SPIP,gentoo penguin,12.0,2016,1.0,False
SPIP,gentoo penguin,1.0,2019,3.0,False
SPIP,gentoo penguin,12.0,2023,82.0,False
SPIP,gentoo penguin,12.0,2023,80.0,False
SPIP,gentoo penguin,2.0,2024,67.0,False
SPIP,gentoo penguin,1.0,2025,76.0,False
SPIP,gentoo penguin,1.0,2025,65.0,False
SPIP,gentoo penguin,12.0,2025,91.0,False
SPRI,chinstrap penguin,2.0,2024,254.0,False
SPRI,chinstrap penguin,1.0,2025,195.0,False
SPRI,chinstrap penguin,12.0,2024,201.0,False
SPRI,chinstrap penguin,1.0,2026,314.0,False
SPTR,chinstrap penguin,1.0,2016,154.0,False
SPTR,chinstrap penguin,1.0,2017,125.0,False
SPTR,chinstrap penguin,12.0,2016,152.0,False
SPTR,chinstrap penguin,12.0,2016,135.0,False
SPTR,chinstrap penguin,1.0,2018,95.0,False
SPTR,chinstrap penguin,1.0,2018,97.0,False
SPTR,chinstrap penguin,1.0,2019,54.0,False
SPTR,chinstrap penguin,1.0,2025,60.0,False
SPTR,gentoo penguin,1.0,2016,10.0,False
SPTR,gentoo penguin,2.0,2016,19.0,False
SPTR,gentoo penguin,1.0,2017,7.0,False
SPTR,gentoo penguin,12.0,2016,7.0,False
SPTR,gentoo penguin,12.0,2016,13.0,False
SPTR,gentoo penguin,1.0,2018,16.0,False
SPTR,gentoo penguin,1.0,2018,11.0,False
SPTR,gentoo penguin,1.0,2019,2.0,False
SPTR,gentoo penguin,12.0,2018,4.0,False
SPUI,chinstrap penguin,2.0,2020,500.0,False
STEE,chinstrap penguin,2.0,2020,20.0,False
STER,chinstrap penguin,2.0,2016,0.0,False
STER,gentoo penguin,1.0,2016,3668.0,False
STER,gentoo penguin,12.0,2025,157.0,False
STIC,chinstrap penguin,1.0,2023,5.0,True
STIG,chinstrap penguin,1.0,2017,100.0,False
STNK,chinstrap penguin,1.0,2018,1815.0,True
STNK,chinstrap penguin,1.0,2020,2987.0,False
STNK,gentoo penguin,1.0,2020,1992.0,False
STNK,king penguin,1.0,2020,2.0,False
STNK,macaroni penguin,1.0,2020,7.0,False
STOK,chinstrap penguin,1.0,2019,14738.0,False
STRA,chinstrap penguin,1.0,2019,3.0,True
STRA,gentoo penguin,1.0,2016,5148.0,True
STRA,gentoo penguin,1.0,2016,6201.0,True
STRA,gentoo penguin,1.0,2017,4419.0,True
STRA,gentoo penguin,1.0,2017,4272.0,True
STRA,gentoo penguin,1.0,2018,5383.0,True
STRA,gentoo penguin,1.0,2018,5545.0,True
TAUN,chinstrap penguin,12.0,2018,1586.0,False
TAYH,adelie penguin,2.0,2022,6769.0,False
TAYL,chinstrap penguin,1.0,2020,200.0,False
TELI,gentoo penguin,12.0,2022,1214.0,False
TELI,gentoo penguin,12.0,2023,1587.0,False
TETR,chinstrap penguin,1.0,2016,321.0,False
TETR,chinstrap penguin,2.0,2016,387.0,False
TETR,chinstrap penguin,1.0,2017,350.0,False
TETR,chinstrap penguin,12.0,2016,361.0,False
TETR,chinstrap penguin,12.0,2017,285.0,False
TETR,chinstrap penguin,12.0,2018,289.0,False
TETR,chinstrap penguin,2.0,2023,200.0,False
TETR,chinstrap penguin,2.0,2024,391.0,False
TETR,chinstrap penguin,1.0,2026,627.0,False
TETR,chinstrap penguin,12.0,2025,395.0,False
TISW,chinstrap penguin,1.0,2016,614.0,False
TISW,chinstrap penguin,2.0,2024,551.0,False
TPTN,chinstrap penguin,1.0,2020,5000.0,False
TRIA,gentoo penguin,1.0,2019,4195.0,False
TRIA,gentoo penguin,12.0,2022,3703.0,False
TRID,chinstrap penguin,1.0,2020,348.0,False
TROW,chinstrap penguin,12.0,2019,3000.0,False
TROW,chinstrap penguin,12.0,2022,3435.0,False
TRUA,gentoo penguin,12.0,2023,783.0,False
TRUA,gentoo penguin,12.0,2025,667.0,False
TSIS,adelie penguin,12.0,2016,472.0,False
TSIS,adelie penguin,1.0,2018,510.0,False
TTOE,chinstrap penguin,12.0,2024,8153.0,False
TTOE,gentoo penguin,12.0,2024,4641.0,False
TTUR,chinstrap penguin,2.0,2020,5000.0,False
TURR,adelie penguin,12.0,2016,91.0,False
TURR,adelie penguin,12.0,2016,153.0,False
TURR,adelie penguin,1.0,2018,83.0,False
TURR,adelie penguin,12.0,2017,89.0,False
TURR,chinstrap penguin,12.0,2016,9.0,False
TURR,chinstrap penguin,12.0,2016,28.0,False
TURR,chinstrap penguin,1.0,2018,1.0,False
TUXE,gentoo penguin,1.0,2016,302.0,False
TUXE,gentoo penguin,1.0,2018,564.0,False
TUXE,gentoo penguin,1.0,2020,635.0,True
TUXE,gentoo penguin,1.0,2020,1093.0,True
TUXE,gentoo penguin,1.0,2024,1214.0,False
TUXE,gentoo penguin,1.0,2024,737.0,False
TWGI,chinstrap penguin,2.0,2020,1664.0,False
TXRX,gentoo penguin,1.0,2016,39.0,False
TXRX,gentoo penguin,1.0,2018,30.0,False
TXRX,gentoo penguin,12.0,2019,30.0,False
TXRX,gentoo penguin,1.0,2020,29.0,True
TXRX,gentoo penguin,1.0,2020,41.0,True
TXRX,gentoo penguin,2.0,2024,34.0,False
UAIT,chinstrap penguin,12.0,2018,123.0,False
UICW,chinstrap penguin,1.0,2020,6223.0,False
USEF,chinstrap penguin,12.0,2019,90.0,False
USEF,chinstrap penguin,12.0,2023,58.0,False
USEF,gentoo penguin,12.0,2019,2040.0,False
USEF,gentoo penguin,12.0,2023,2013.0,False
VAIS,chinstrap penguin,2.0,2020,5000.0,False
VALE,chinstrap penguin,1.0,2020,329.0,False
VANH,emperor penguin,11.0,2022,5000.0,False
VAPO,chinstrap penguin,1.0,2022,13935.0,False
VERD,emperor penguin,1.0,2019,1500.0,True
VERL,emperor penguin,10.0,2021,500.0,False
VERN,gentoo penguin,1.0,2017,292.0,False
VERN,gentoo penguin,1.0,2017,247.0,False
VERN,gentoo penguin,1.0,2018,379.0,False
VORT,adelie penguin,1.0,2022,6937.0,False
WALK,chinstrap penguin,11.0,2017,700.0,False
WALL,chinstrap penguin,1.0,2020,26683.0,False
WALL,gentoo penguin,1.0,2020,4752.0,False
WASH,emperor penguin,10.0,2016,19402.0,True
WASH,emperor penguin,10.0,2017,12472.0,True
WASH,emperor penguin,10.0,2018,12178.0,False
WASH,emperor penguin,10.0,2018,16874.0,True
WASH,emperor penguin,10.0,2019,16677.0,True
WASH,emperor penguin,10.0,2021,16793.0,True
WASH,emperor penguin,11.0,2022,15529.0,False
WATE,chinstrap penguin,1.0,2017,2.0,False
WATE,chinstrap penguin,1.0,2017,4.0,False
WATE,chinstrap penguin,12.0,2016,2.0,False
WATE,gentoo penguin,1.0,2017,3134.0,False
WATE,gentoo penguin,12.0,2016,3115.0,False
WATE,gentoo penguin,12.0,2016,3180.0,False
WATE,gentoo penguin,12.0,2017,3858.0,True
WEEK,chinstrap penguin,1.0,2017,791.0,False
WEEK,chinstrap penguin,1.0,2019,385.0,False
WELC,chinstrap penguin,1.0,2020,413.0,False
WHEA,adelie penguin,12.0,2017,1907.0,False
WHEA,adelie penguin,12.0,2018,1810.0,False
WHEA,adelie penguin,12.0,2023,1640.0,False
WHIT,chinstrap penguin,1.0,2019,10000.0,False
WILD,chinstrap penguin,1.0,2020,2588.0,False
WILD,gentoo penguin,1.0,2020,0.0,False
WILD,macaroni penguin,1.0,2020,2.0,False
WISH,emperor penguin,11.0,2022,2480.0,False
WISH,emperor penguin,11.0,2022,7786.0,False
WITH,chinstrap penguin,1.0,2016,9483.0,True
WOOD,adelie penguin,12.0,2016,2737.0,True
WOOD,adelie penguin,11.0,2017,2704.0,False
WOOD,adelie penguin,12.0,2017,2825.0,False
WOOD,adelie penguin,12.0,2018,3152.0,False
WOOD,adelie penguin,12.0,2019,2955.0,True
WOOD,adelie penguin,12.0,2020,3078.0,True
WOOD,adelie penguin,12.0,2022,2889.0,True
WOOD,adelie penguin,12.0,2023,2847.0,False
WSAD,chinstrap penguin,1.0,2020,2354.0,False
WTAY,adelie penguin,2.0,2022,3500.0,False
YALO,adelie penguin,1.0,2016,3541.0,False
YALO,adelie penguin,1.0,2020,1898.0,True
YALO,adelie penguin,1.0,2020,3461.0,True
YALO,adelie penguin,12.0,2023,1828.0,False
YALO,adelie penguin,1.0,2025,2374.0,False
YANK,gentoo penguin,2.0,2016,2521.0,False
YANK,gentoo penguin,12.0,2016,5677.0,False
YANK,gentoo penguin,12.0,2016,5466.0,False
YANK,gentoo penguin,12.0,2022,5782.0,False
YANK,gentoo penguin,12.0,2022,5812.0,False
YANK,gentoo penguin,12.0,2023,6568.0,False
YANK,gentoo penguin,12.0,2024,5658.0,False
YANK,gentoo penguin,12.0,2025,7518.0,False
YANK,gentoo penguin,12.0,2025,6662.0,False
YULE,emperor penguin,1.0,2019,1000.0,True
ZAWA,chinstrap penguin,1.0,2016,68.0,True
