,date,datatype,station,attributes,value
0,2016-01-01T00:00:00,TAVG,GHCND:AYM00089004,",S",-7.82
1,2016-01-01T00:00:00,TAVG,GHCND:AYM00089063,"8,S",0.4
2,2016-01-01T00:00:00,TAVG,GHCND:AYM00089512,"3,S",-1.73
3,2016-02-01T00:00:00,TAVG,GHCND:AYM00089004,",S",-9.69
4,2016-03-01T00:00:00,TAVG,GHCND:AYM00089004,",S",-12.94
5,2016-04-01T00:00:00,TAVG,GHCND:AYM00089004,"1,S",-15.46
6,2016-05-01T00:00:00,TAVG,GHCND:AYM00089004,",S",-18.3
7,2016-06-01T00:00:00,TAVG,GHCND:AYM00089004,"1,S",-25.08
8,2016-06-01T00:00:00,TAVG,GHCND:AYM00089034,"8,S",-20.43
9,2016-07-01T00:00:00,TAVG,GHCND:AYM00089004,",S",-23.99
10,2016-08-01T00:00:00,TAVG,GHCND:AYM00089004,",S",-20.62
11,2016-09-01T00:00:00,TAVG,GHCND:AYM00089514,"7,S",-18.64
12,2016-10-01T00:00:00,TAVG,GHCND:AYM00089004,",S",-16.64
13,2016-11-01T00:00:00,TAVG,GHCND:AYM00089004,"1,S",-11.33
14,2016-11-01T00:00:00,TAVG,GHCND:AYM00089512,"5,S",-4.15
15,2016-12-01T00:00:00,TAVG,GHCND:AYM00089004,",S",-5.59
16,2016-12-01T00:00:00,TAVG,GHCND:AYM00089512,"1,S",0.63
17,2017-01-01T00:00:00,TAVG,GHCND:AYM00089004,",S",-6.35
18,2017-01-01T00:00:00,TAVG,GHCND:AYM00089512,"3,S",0.11
19,2017-02-01T00:00:00,TAVG,GHCND:AYM00089004,",S",-10.32
20,2017-02-01T00:00:00,TAVG,GHCND:AYM00089512,"5,S",-2.67
21,2017-03-01T00:00:00,TAVG,GHCND:AYM00089004,"2,S",-16.34
22,2017-03-01T00:00:00,TAVG,GHCND:AYM00089512,"6,S",-8.24
23,2017-04-01T00:00:00,TAVG,GHCND:AYM00089004,"1,S",-18.71
24,2017-04-01T00:00:00,TAVG,GHCND:AYM00089063,"9,S",-1.68
25,2017-05-01T00:00:00,TAVG,GHCND:AYM00089004,"1,S",-20.34
26,2017-05-01T00:00:00,TAVG,GHCND:AYM00089034,"7,S",-15.76
27,2017-07-01T00:00:00,TAVG,GHCND:AYM00089004,",S",-23.08
28,2017-07-01T00:00:00,TAVG,GHCND:AYM00089504,",S",-21.4
29,2017-08-01T00:00:00,TAVG,GHCND:AYM00089004,"2,S",-26.1
30,2017-09-01T00:00:00,TAVG,GHCND:AYM00089004,",S",-20.28
31,2017-09-01T00:00:00,TAVG,GHCND:AYM00089504,"2,S",-18.24
32,2017-10-01T00:00:00,TAVG,GHCND:AYM00089004,",S",-15.6
33,2017-10-01T00:00:00,TAVG,GHCND:AYM00089504,"4,S",-14.71
34,2017-10-01T00:00:00,TAVG,GHCND:AYM00089512,"6,S",-10.22
35,2017-11-01T00:00:00,TAVG,GHCND:AYM00089004,",S",-11.78
36,2017-11-01T00:00:00,TAVG,GHCND:AYM00089504,"2,S",-11.09
37,2017-12-01T00:00:00,TAVG,GHCND:AYM00089004,"2,S",-7.11
38,2017-12-01T00:00:00,TAVG,GHCND:AYM00089504,",S",-6.81
39,2017-12-01T00:00:00,TAVG,GHCND:AYM00089512,"5,S",-0.11
40,2018-01-01T00:00:00,TAVG,GHCND:AYM00089004,"3,S",-7.59
41,2018-01-01T00:00:00,TAVG,GHCND:AYM00089504,"1,S",-7.34
42,2018-01-01T00:00:00,TAVG,GHCND:AYM00089512,"3,S",-1.42
43,2018-02-01T00:00:00,TAVG,GHCND:AYM00089004,",S",-10.11
44,2018-02-01T00:00:00,TAVG,GHCND:AYM00089504,"1,S",-10.19
45,2018-02-01T00:00:00,TAVG,GHCND:AYM00089512,"2,S",-3.11
46,2018-03-01T00:00:00,TAVG,GHCND:AYM00089004,"3,S",-13.19
47,2018-03-01T00:00:00,TAVG,GHCND:AYM00089504,",S",-12.3
48,2018-03-01T00:00:00,TAVG,GHCND:AYM00089512,"6,S",-8.81
49,2018-04-01T00:00:00,TAVG,GHCND:AYM00089004,",S",-18.01
50,2018-04-01T00:00:00,TAVG,GHCND:AYM00089504,"1,S",-17.44
51,2018-05-01T00:00:00,TAVG,GHCND:AYM00089004,"1,S",-18.11
52,2018-05-01T00:00:00,TAVG,GHCND:AYM00089504,"3,S",-16.76
53,2018-06-01T00:00:00,TAVG,GHCND:AYM00089004,",S",-19.02
54,2018-06-01T00:00:00,TAVG,GHCND:AYM00089504,"1,S",-18.58
55,2018-07-01T00:00:00,TAVG,GHCND:AYM00089004,",S",-23.68
56,2018-08-01T00:00:00,TAVG,GHCND:AYM00089004,",S",-21.47
57,2018-08-01T00:00:00,TAVG,GHCND:AYM00089504,"2,S",-20.64
58,2018-09-01T00:00:00,TAVG,GHCND:AYM00089004,",S",-20.54
59,2018-09-01T00:00:00,TAVG,GHCND:AYM00089504,"6,S",-21.13
60,2018-10-01T00:00:00,TAVG,GHCND:AYM00089004,",S",-20.83
61,2018-10-01T00:00:00,TAVG,GHCND:AYM00089512,"5,S",-14.75
62,2018-11-01T00:00:00,TAVG,GHCND:AYM00089004,",S",-11.75
63,2018-11-01T00:00:00,TAVG,GHCND:AYM00089512,"1,S",-5.69
64,2018-12-01T00:00:00,TAVG,GHCND:AYM00089004,",S",-6.76
65,2018-12-01T00:00:00,TAVG,GHCND:AYM00089512,"2,S",-0.23
66,2019-01-01T00:00:00,TAVG,GHCND:AYM00089004,"2,S",-6.85
67,2019-01-01T00:00:00,TAVG,GHCND:AYM00089512,",S",-0.34
68,2019-02-01T00:00:00,TAVG,GHCND:AYM00089004,",S",-9.52
69,2019-02-01T00:00:00,TAVG,GHCND:AYM00089512,"2,S",-1.81
70,2019-03-01T00:00:00,TAVG,GHCND:AYM00089004,"1,S",-15.61
71,2019-03-01T00:00:00,TAVG,GHCND:AYM00089512,"5,S",-7.47
72,2019-05-01T00:00:00,TAVG,GHCND:AYM00089004,"4,S",-19.91
73,2019-05-01T00:00:00,TAVG,GHCND:AYM00089504,"6,S",-19.63
74,2019-06-01T00:00:00,TAVG,GHCND:AYM00089004,",S",-23.71
75,2019-07-01T00:00:00,TAVG,GHCND:AYM00089004,",S",-23.12
76,2019-09-01T00:00:00,TAVG,GHCND:AYM00089004,"2,S",-24.47
77,2019-09-01T00:00:00,TAVG,GHCND:AYM00089034,"8,S",-19.85
78,2019-11-01T00:00:00,TAVG,GHCND:AYM00089512,"2,S",-4.64
79,2019-12-01T00:00:00,TAVG,GHCND:AYM00088968,"5,S",0.09
80,2019-12-01T00:00:00,TAVG,GHCND:AYM00089512,",S",0.6
81,2020-01-01T00:00:00,TAVG,GHCND:AYM00089004,",S",-6.35
82,2020-01-01T00:00:00,TAVG,GHCND:AYM00089504,"6,S",-6.56
83,2020-01-01T00:00:00,TAVG,GHCND:AYM00089512,"2,S",0.04
84,2020-02-01T00:00:00,TAVG,GHCND:AYM00089004,",S",-11.4
85,2020-02-01T00:00:00,TAVG,GHCND:AYM00089512,"2,S",-3.37
86,2020-03-01T00:00:00,TAVG,GHCND:AYM00089004,",S",-14.75
87,2020-04-01T00:00:00,TAVG,GHCND:AYM00089004,",S",-16.36
88,2020-04-01T00:00:00,TAVG,GHCND:AYM00089063,"0,S",-1.01
89,2020-05-01T00:00:00,TAVG,GHCND:AYM00089004,"3,S",-19.49
90,2020-05-01T00:00:00,TAVG,GHCND:AYM00089053,"8,S",-1.64
91,2020-06-01T00:00:00,TAVG,GHCND:AYM00089004,"5,S",-20.83
92,2020-08-01T00:00:00,TAVG,GHCND:AYM00089004,"1,S",-25.29
93,2020-09-01T00:00:00,TAVG,GHCND:AYM00089004,"1,S",-19.73
94,2020-09-01T00:00:00,TAVG,GHCND:AYM00089504,",S",-19.57
95,2020-09-01T00:00:00,TAVG,GHCND:AYM00089512,"6,S",-16.25
96,2020-10-01T00:00:00,TAVG,GHCND:AYM00089004,",S",-19.62
97,2020-10-01T00:00:00,TAVG,GHCND:AYM00089504,"1,S",-19.6
98,2020-10-01T00:00:00,TAVG,GHCND:AYM00089512,"4,S",-12.58
99,2020-11-01T00:00:00,TAVG,GHCND:AYM00089004,"2,S",-12.22
100,2020-11-01T00:00:00,TAVG,GHCND:AYM00089504,"2,S",-11.13
101,2020-11-01T00:00:00,TAVG,GHCND:AYM00089512,"3,S",-5.21
102,2020-12-01T00:00:00,TAVG,GHCND:AYM00089004,"1,S",-8.2
103,2020-12-01T00:00:00,TAVG,GHCND:AYM00089504,"2,S",-7.87
104,2020-12-01T00:00:00,TAVG,GHCND:AYM00089512,"1,S",-1.49
105,2021-01-01T00:00:00,TAVG,GHCND:AYM00089004,"2,S",-9.02
106,2021-01-01T00:00:00,TAVG,GHCND:AYM00089504,"1,S",-7.62
107,2021-01-01T00:00:00,TAVG,GHCND:AYM00089512,",S",-0.97
108,2021-02-01T00:00:00,TAVG,GHCND:AYM00089504,"3,S",-12.44
109,2021-03-01T00:00:00,TAVG,GHCND:AYM00089504,"2,S",-11.59
110,2021-03-01T00:00:00,TAVG,GHCND:AYM00089512,"7,S",-5.86
111,2021-04-01T00:00:00,TAVG,GHCND:AYM00089004,"3,S",-17.5
112,2021-04-01T00:00:00,TAVG,GHCND:AYM00089053,"7,S",-0.03
113,2021-04-01T00:00:00,TAVG,GHCND:AYM00089504,"1,S",-17.86
114,2021-05-01T00:00:00,TAVG,GHCND:AYM00088968,"0,S",-1.04
115,2021-05-01T00:00:00,TAVG,GHCND:AYM00089504,"1,S",-17.97
116,2021-06-01T00:00:00,TAVG,GHCND:AYM00089504,"2,S",-22.5
117,2021-07-01T00:00:00,TAVG,GHCND:AYM00089004,",S",-25.58
118,2021-07-01T00:00:00,TAVG,GHCND:AYM00089504,",S",-23.02
119,2021-08-01T00:00:00,TAVG,GHCND:AYM00089004,"2,S",-25.94
120,2021-08-01T00:00:00,TAVG,GHCND:AYM00089504,",S",-24.16
121,2021-09-01T00:00:00,TAVG,GHCND:AYM00089004,",S",-21.03
122,2021-09-01T00:00:00,TAVG,GHCND:AYM00089504,",S",-20.03
123,2021-10-01T00:00:00,TAVG,GHCND:AYM00089004,",S",-18.14
124,2021-10-01T00:00:00,TAVG,GHCND:AYM00089504,",S",-18.07
125,2021-10-01T00:00:00,TAVG,GHCND:AYM00089512,"3,S",-13.44
126,2021-11-01T00:00:00,TAVG,GHCND:AYM00089004,"4,S",-12.56
127,2021-11-01T00:00:00,TAVG,GHCND:AYM00089063,"6,S",-1.12
128,2021-11-01T00:00:00,TAVG,GHCND:AYM00089504,",S",-12.28
129,2021-11-01T00:00:00,TAVG,GHCND:AYM00089512,"2,S",-5.83
130,2021-12-01T00:00:00,TAVG,GHCND:AYM00089004,"4,S",-8.2
131,2021-12-01T00:00:00,TAVG,GHCND:AYM00089050,"4,S",1.41
132,2021-12-01T00:00:00,TAVG,GHCND:AYM00089053,"9,S",1.82
133,2021-12-01T00:00:00,TAVG,GHCND:AYM00089504,",S",-8.45
134,2021-12-01T00:00:00,TAVG,GHCND:AYM00089512,",S",-2.01
135,2022-01-01T00:00:00,TAVG,GHCND:AYM00089004,",S",-6.22
136,2022-01-01T00:00:00,TAVG,GHCND:AYM00089063,"6,S",0.87
137,2022-01-01T00:00:00,TAVG,GHCND:AYM00089504,",S",-6.64
138,2022-01-01T00:00:00,TAVG,GHCND:AYM00089512,"2,S",-1.61
139,2022-02-01T00:00:00,TAVG,GHCND:AYM00089004,",S",-10.67
140,2022-02-01T00:00:00,TAVG,GHCND:AYM00089504,"1,S",-10.52
141,2022-02-01T00:00:00,TAVG,GHCND:AYM00089512,"3,S",-4.74
142,2022-03-01T00:00:00,TAVG,GHCND:AYM00089004,",S",-14.01
143,2022-03-01T00:00:00,TAVG,GHCND:AYM00089063,"7,S",-0.15
144,2022-03-01T00:00:00,TAVG,GHCND:AYM00089504,",S",-13.56
145,2022-04-01T00:00:00,TAVG,GHCND:AYM00089004,"2,S",-17.21
146,2022-05-01T00:00:00,TAVG,GHCND:AYM00089004,"1,S",-19.24
147,2022-07-01T00:00:00,TAVG,GHCND:AYM00089004,"6,S",-32.14
148,2022-08-01T00:00:00,TAVG,GHCND:AYM00089004,"3,S",-23.28
149,2022-09-01T00:00:00,TAVG,GHCND:AYM00089004,"5,S",-22.28
150,2022-09-01T00:00:00,TAVG,GHCND:AYM00089504,",S",-21.41
151,2022-10-01T00:00:00,TAVG,GHCND:AYM00089004,"2,S",-15.59
152,2022-10-01T00:00:00,TAVG,GHCND:AYM00089504,"2,S",-14.47
153,2022-11-01T00:00:00,TAVG,GHCND:AYM00089004,",S",-13.01
154,2022-11-01T00:00:00,TAVG,GHCND:AYM00089512,"2,S",-5.09
155,2022-11-01T00:00:00,TAVG,GHCND:AYM00089606,"8,S",-45.24
156,2022-12-01T00:00:00,TAVG,GHCND:AYM00089004,"1,S",-8.66
157,2022-12-01T00:00:00,TAVG,GHCND:AYM00089063,"6,S",0.57
158,2022-12-01T00:00:00,TAVG,GHCND:AYM00089512,"2,S",-1.74
159,2023-01-01T00:00:00,TAVG,GHCND:AYM00089004,",S",-6.16
160,2023-01-01T00:00:00,TAVG,GHCND:AYM00089063,"9,S",1.75
161,2023-01-01T00:00:00,TAVG,GHCND:AYM00089504,",S",-7.7
162,2023-01-01T00:00:00,TAVG,GHCND:AYM00089512,"5,S",-0.56
163,2023-02-01T00:00:00,TAVG,GHCND:AYM00089004,",S",-10.34
164,2023-02-01T00:00:00,TAVG,GHCND:AYM00089063,"6,S",1.98
165,2023-02-01T00:00:00,TAVG,GHCND:AYM00089504,",S",-11.09
166,2023-02-01T00:00:00,TAVG,GHCND:AYM00089512,"3,S",-3.61
167,2023-03-01T00:00:00,TAVG,GHCND:AYM00089004,"1,S",-12.05
168,2023-03-01T00:00:00,TAVG,GHCND:AYM00089504,",S",-11.95
169,2023-04-01T00:00:00,TAVG,GHCND:AYM00089004,"3,S",-13.15
170,2023-04-01T00:00:00,TAVG,GHCND:AYM00089053,"9,S",0.55
171,2023-04-01T00:00:00,TAVG,GHCND:AYM00089504,",S",-14.61
172,2023-05-01T00:00:00,TAVG,GHCND:AYM00089004,"1,S",-17.81
173,2023-05-01T00:00:00,TAVG,GHCND:AYM00089504,",S",-18.22
174,2023-06-01T00:00:00,TAVG,GHCND:AYM00089504,"2,S",-18.35
175,2023-07-01T00:00:00,TAVG,GHCND:AYM00089004,"2,S",-19.82
176,2023-07-01T00:00:00,TAVG,GHCND:AYM00089504,",S",-20.24
177,2023-08-01T00:00:00,TAVG,GHCND:AYM00089004,",S",-20.71
178,2023-08-01T00:00:00,TAVG,GHCND:AYM00089504,",S",-19.78
179,2023-09-01T00:00:00,TAVG,GHCND:AYM00089004,",S",-18.73
180,2023-09-01T00:00:00,TAVG,GHCND:AYM00089504,"1,S",-17.47
181,2023-10-01T00:00:00,TAVG,GHCND:AYM00089504,",S",-16.09
182,2023-11-01T00:00:00,TAVG,GHCND:AYM00089004,",S",-9.9
183,2023-11-01T00:00:00,TAVG,GHCND:AYM00089053,"6,S",0.0
184,2023-11-01T00:00:00,TAVG,GHCND:AYM00089504,",S",-9.95
185,2023-11-01T00:00:00,TAVG,GHCND:AYM00089512,"4,S",-5.57
186,2023-12-01T00:00:00,TAVG,GHCND:AYM00089004,"1,S",-8.13
187,2023-12-01T00:00:00,TAVG,GHCND:AYM00089504,",S",-7.63
188,2023-12-01T00:00:00,TAVG,GHCND:AYM00089512,"3,S",-0.64
189,2024-01-01T00:00:00,TAVG,GHCND:AYM00089034,"4,S",-2.64
190,2024-01-01T00:00:00,TAVG,GHCND:AYM00089504,",S",-7.86
191,2024-01-01T00:00:00,TAVG,GHCND:AYM00089512,"1,S",-1.32
192,2024-02-01T00:00:00,TAVG,GHCND:AYM00089004,"2,S",-8.9
193,2024-02-01T00:00:00,TAVG,GHCND:AYM00089034,"7,S",-5.19
194,2024-02-01T00:00:00,TAVG,GHCND:AYM00089512,"4,S",-2.01
195,2024-04-01T00:00:00,TAVG,GHCND:AYM00089004,"1,S",-17.71
196,2024-05-01T00:00:00,TAVG,GHCND:AYM00089004,"2,S",-19.93
197,2024-05-01T00:00:00,TAVG,GHCND:AYM00089504,"3,S",-19.03
198,2024-06-01T00:00:00,TAVG,GHCND:AYM00089004,"4,S",-22.73
199,2024-07-01T00:00:00,TAVG,GHCND:AYM00089004,"3,S",-19.55
200,2024-07-01T00:00:00,TAVG,GHCND:AYM00089504,"3,S",-16.89
201,2024-08-01T00:00:00,TAVG,GHCND:AYM00089004,"2,S",-20.24
202,2024-09-01T00:00:00,TAVG,GHCND:AYM00089004,"3,S",-19.96
203,2024-09-01T00:00:00,TAVG,GHCND:AYM00089504,"3,S",-19.34
204,2024-10-01T00:00:00,TAVG,GHCND:AYM00089504,"1,S",-16.45
205,2024-12-01T00:00:00,TAVG,GHCND:AYM00089004,"2,S",-6.61
206,2024-12-01T00:00:00,TAVG,GHCND:AYM00089504,"2,S",-5.5
207,2025-01-01T00:00:00,TAVG,GHCND:AYM00088963,"2,2",2.45
208,2025-01-01T00:00:00,TAVG,GHCND:AYM00088968,"2,2",1.24
209,2025-01-01T00:00:00,TAVG,GHCND:AYM00089034,"1,2",-1.61
210,2025-01-01T00:00:00,TAVG,GHCND:AYM00089050,"1,2",1.99
211,2025-01-01T00:00:00,TAVG,GHCND:AYM00089053,",2",2.76
212,2025-01-01T00:00:00,TAVG,GHCND:AYM00089054,",2",2.11
213,2025-01-01T00:00:00,TAVG,GHCND:AYM00089057,",2",2.19
214,2025-01-01T00:00:00,TAVG,GHCND:AYM00089058,"2,2",2.19
215,2025-01-01T00:00:00,TAVG,GHCND:AYM00089063,"2,2",1.43
216,2025-01-01T00:00:00,TAVG,GHCND:AYM00089065,"2,2",0.34
217,2025-01-01T00:00:00,TAVG,GHCND:AYM00089251,"2,2",2.43
218,2025-01-01T00:00:00,TAVG,GHCND:AYM00089266,"2,2",-2.45
219,2025-01-01T00:00:00,TAVG,GHCND:AYM00089272,"3,2",-10.15
220,2025-01-01T00:00:00,TAVG,GHCND:AYM00089504,",2",-5.81
221,2025-01-01T00:00:00,TAVG,GHCND:AYM00089512,"1,2",0.83
222,2025-01-01T00:00:00,TAVG,GHCND:AYM00089577,",2",-39.51
223,2025-01-01T00:00:00,TAVG,GHCND:AYM00089606,"1,2",-30.9
224,2025-01-01T00:00:00,TAVG,GHCND:AYM00089659,",2",-18.91
225,2025-01-01T00:00:00,TAVG,GHCND:AYM00089661,",2",-4.68
226,2025-01-01T00:00:00,TAVG,GHCND:AYM00089828,",2",-25.99
227,2025-02-01T00:00:00,TAVG,GHCND:AYM00088963,"2,2",-1.02
228,2025-02-01T00:00:00,TAVG,GHCND:AYM00088968,",2",0.45
229,2025-02-01T00:00:00,TAVG,GHCND:AYM00089003,"1,2",-8.81
230,2025-02-01T00:00:00,TAVG,GHCND:AYM00089034,"1,2",-4.83
231,2025-02-01T00:00:00,TAVG,GHCND:AYM00089050,"3,2",1.06
232,2025-02-01T00:00:00,TAVG,GHCND:AYM00089053,"1,2",1.29
233,2025-02-01T00:00:00,TAVG,GHCND:AYM00089054,"1,2",1.09
234,2025-02-01T00:00:00,TAVG,GHCND:AYM00089057,"6,2",1.11
235,2025-02-01T00:00:00,TAVG,GHCND:AYM00089058,"5,2",1.34
236,2025-02-01T00:00:00,TAVG,GHCND:AYM00089065,"5,2",-3.64
237,2025-02-01T00:00:00,TAVG,GHCND:AYM00089087,"5,2",-25.0
238,2025-02-01T00:00:00,TAVG,GHCND:AYM00089266,"5,2",-9.35
239,2025-02-01T00:00:00,TAVG,GHCND:AYM00089272,"5,2",-15.94
240,2025-02-01T00:00:00,TAVG,GHCND:AYM00089504,"1,2",-7.72
241,2025-02-01T00:00:00,TAVG,GHCND:AYM00089512,"4,2",-2.44
242,2025-02-01T00:00:00,TAVG,GHCND:AYM00089577,"2,2",-43.5
243,2025-02-01T00:00:00,TAVG,GHCND:AYM00089606,"4,2",-45.7
244,2025-02-01T00:00:00,TAVG,GHCND:AYM00089659,"2,2",-27.04
245,2025-02-01T00:00:00,TAVG,GHCND:AYM00089661,",2",-8.87
246,2025-02-01T00:00:00,TAVG,GHCND:AYM00089828,"1,2",-39.53
247,2025-03-01T00:00:00,TAVG,GHCND:AYM00088963,"4,2",-0.69
248,2025-03-01T00:00:00,TAVG,GHCND:AYM00088968,",2",0.52
249,2025-03-01T00:00:00,TAVG,GHCND:AYM00089003,"2,2",-13.75
250,2025-03-01T00:00:00,TAVG,GHCND:AYM00089004,"4,2",-14.52
251,2025-03-01T00:00:00,TAVG,GHCND:AYM00089034,"2,2",-9.94
252,2025-03-01T00:00:00,TAVG,GHCND:AYM00089050,"3,2",0.96
253,2025-03-01T00:00:00,TAVG,GHCND:AYM00089053,",2",1.42
254,2025-03-01T00:00:00,TAVG,GHCND:AYM00089054,"2,2",0.98
255,2025-03-01T00:00:00,TAVG,GHCND:AYM00089057,",2",1.19
256,2025-03-01T00:00:00,TAVG,GHCND:AYM00089065,"4,2",-5.26
257,2025-03-01T00:00:00,TAVG,GHCND:AYM00089087,"5,2",-33.92
258,2025-03-01T00:00:00,TAVG,GHCND:AYM00089251,"3,2",1.18
259,2025-03-01T00:00:00,TAVG,GHCND:AYM00089266,"3,2",-14.88
260,2025-03-01T00:00:00,TAVG,GHCND:AYM00089272,"3,2",-18.21
261,2025-03-01T00:00:00,TAVG,GHCND:AYM00089512,"4,2",-7.31
262,2025-03-01T00:00:00,TAVG,GHCND:AYM00089606,"2,2",-58.22
263,2025-03-01T00:00:00,TAVG,GHCND:AYM00089659,",2",-38.78
264,2025-03-01T00:00:00,TAVG,GHCND:AYM00089661,",2",-16.3
265,2025-03-01T00:00:00,TAVG,GHCND:AYM00089828,",2",-54.7
266,2025-04-01T00:00:00,TAVG,GHCND:AYM00088963,"2,2",1.19
267,2025-04-01T00:00:00,TAVG,GHCND:AYM00088968,",2",-0.03
268,2025-04-01T00:00:00,TAVG,GHCND:AYM00089003,"2,2",-18.16
269,2025-04-01T00:00:00,TAVG,GHCND:AYM00089034,"3,2",-16.02
270,2025-04-01T00:00:00,TAVG,GHCND:AYM00089050,"2,2",0.85
271,2025-04-01T00:00:00,TAVG,GHCND:AYM00089053,",2",1.98
272,2025-04-01T00:00:00,TAVG,GHCND:AYM00089054,",2",1.25
273,2025-04-01T00:00:00,TAVG,GHCND:AYM00089057,",2",1.08
274,2025-04-01T00:00:00,TAVG,GHCND:AYM00089058,"1,2",1.15
275,2025-04-01T00:00:00,TAVG,GHCND:AYM00089063,"2,2",0.12
276,2025-04-01T00:00:00,TAVG,GHCND:AYM00089065,",2",-3.31
277,2025-04-01T00:00:00,TAVG,GHCND:AYM00089087,"2,2",-35.08
278,2025-04-01T00:00:00,TAVG,GHCND:AYM00089251,"5,2",1.57
279,2025-04-01T00:00:00,TAVG,GHCND:AYM00089266,",2",-14.86
280,2025-04-01T00:00:00,TAVG,GHCND:AYM00089272,",2",-17.09
281,2025-04-01T00:00:00,TAVG,GHCND:AYM00089512,"9,2",-9.05
282,2025-04-01T00:00:00,TAVG,GHCND:AYM00089577,",2",-62.12
283,2025-04-01T00:00:00,TAVG,GHCND:AYM00089606,"6,2",-66.24
284,2025-04-01T00:00:00,TAVG,GHCND:AYM00089659,",2",-43.7
285,2025-04-01T00:00:00,TAVG,GHCND:AYM00089661,"2,2",-22.01
286,2025-04-01T00:00:00,TAVG,GHCND:AYM00089828,",2",-63.04
287,2025-05-01T00:00:00,TAVG,GHCND:AYM00088963,",2",-5.57
288,2025-05-01T00:00:00,TAVG,GHCND:AYM00088968,"2,2",-2.75
289,2025-05-01T00:00:00,TAVG,GHCND:AYM00089003,"8,2",-16.29
290,2025-05-01T00:00:00,TAVG,GHCND:AYM00089034,"6,2",-16.98
291,2025-05-01T00:00:00,TAVG,GHCND:AYM00089050,"7,2",-2.12
292,2025-05-01T00:00:00,TAVG,GHCND:AYM00089053,",2",-1.62
293,2025-05-01T00:00:00,TAVG,GHCND:AYM00089054,",2",-1.84
294,2025-05-01T00:00:00,TAVG,GHCND:AYM00089057,"4,2",-1.58
295,2025-05-01T00:00:00,TAVG,GHCND:AYM00089063,"2,2",-2.54
296,2025-05-01T00:00:00,TAVG,GHCND:AYM00089512,"9,2",-10.14
297,2025-05-01T00:00:00,TAVG,GHCND:AYM00089577,",2",-64.29
298,2025-05-01T00:00:00,TAVG,GHCND:AYM00089606,"6,2",-67.98
299,2025-05-01T00:00:00,TAVG,GHCND:AYM00089659,",2",-43.96
300,2025-05-01T00:00:00,TAVG,GHCND:AYM00089661,"3,2",-22.93
301,2025-05-01T00:00:00,TAVG,GHCND:AYM00089828,",2",-67.1
302,2025-06-01T00:00:00,TAVG,GHCND:AYM00088968,"3,2",-4.29
303,2025-06-01T00:00:00,TAVG,GHCND:AYM00089003,"4,2",-22.89
304,2025-06-01T00:00:00,TAVG,GHCND:AYM00089034,"5,2",-20.83
305,2025-06-01T00:00:00,TAVG,GHCND:AYM00089050,"8,2",-2.21
306,2025-06-01T00:00:00,TAVG,GHCND:AYM00089053,"2,2",-2.35
307,2025-06-01T00:00:00,TAVG,GHCND:AYM00089054,"2,2",-2.27
308,2025-06-01T00:00:00,TAVG,GHCND:AYM00089057,",2",-2.12
309,2025-06-01T00:00:00,TAVG,GHCND:AYM00089063,"2,2",-2.46
310,2025-06-01T00:00:00,TAVG,GHCND:AYM00089065,"7,2",-7.97
311,2025-06-01T00:00:00,TAVG,GHCND:AYM00089087,"2,2",-37.24
312,2025-06-01T00:00:00,TAVG,GHCND:AYM00089266,"2,2",-21.44
313,2025-06-01T00:00:00,TAVG,GHCND:AYM00089577,",2",-64.39
314,2025-06-01T00:00:00,TAVG,GHCND:AYM00089659,"2,2",-41.03
315,2025-06-01T00:00:00,TAVG,GHCND:AYM00089661,",2",-19.02
316,2025-06-01T00:00:00,TAVG,GHCND:AYM00089828,"2,2",-61.42
317,2025-07-01T00:00:00,TAVG,GHCND:AYM00088963,"8,2",-3.53
318,2025-07-01T00:00:00,TAVG,GHCND:AYM00088968,"8,2",-4.38
319,2025-07-01T00:00:00,TAVG,GHCND:AYM00089004,"4,2",-22.69
320,2025-07-01T00:00:00,TAVG,GHCND:AYM00089034,"3,2",-19.14
321,2025-07-01T00:00:00,TAVG,GHCND:AYM00089050,"3,2",-1.73
322,2025-07-01T00:00:00,TAVG,GHCND:AYM00089053,"3,2",-1.15
323,2025-07-01T00:00:00,TAVG,GHCND:AYM00089054,",2",-1.76
324,2025-07-01T00:00:00,TAVG,GHCND:AYM00089057,",2",-1.51
325,2025-07-01T00:00:00,TAVG,GHCND:AYM00089063,"7,2",-2.78
326,2025-07-01T00:00:00,TAVG,GHCND:AYM00089065,"1,2",-11.07
327,2025-07-01T00:00:00,TAVG,GHCND:AYM00089087,"5,2",-41.48
328,2025-07-01T00:00:00,TAVG,GHCND:AYM00089251,"5,2",-1.2
329,2025-07-01T00:00:00,TAVG,GHCND:AYM00089266,"3,2",-22.05
330,2025-07-01T00:00:00,TAVG,GHCND:AYM00089577,",2",-67.79
331,2025-07-01T00:00:00,TAVG,GHCND:AYM00089661,"2,2",-22.55
332,2025-07-01T00:00:00,TAVG,GHCND:AYM00089828,",2",-63.64
333,2025-08-01T00:00:00,TAVG,GHCND:AYM00088968,"8,2",-6.7
334,2025-08-01T00:00:00,TAVG,GHCND:AYM00089054,"2,2",-3.09
335,2025-08-01T00:00:00,TAVG,GHCND:AYM00089057,"6,2",-3.15
336,2025-08-01T00:00:00,TAVG,GHCND:AYM00089063,"5,2",-3.22
337,2025-08-01T00:00:00,TAVG,GHCND:AYM00089065,"8,2",-13.93
338,2025-08-01T00:00:00,TAVG,GHCND:AYM00089251,"8,2",-2.88
339,2025-08-01T00:00:00,TAVG,GHCND:AYM00089577,"2,2",-65.74
340,2025-08-01T00:00:00,TAVG,GHCND:AYM00089661,"4,2",-22.93
341,2025-08-01T00:00:00,TAVG,GHCND:AYM00089828,"4,2",-62.55
342,2025-09-01T00:00:00,TAVG,GHCND:AYM00089050,"6,2",-1.82
343,2025-09-01T00:00:00,TAVG,GHCND:AYM00089053,"6,2",-1.42
344,2025-09-01T00:00:00,TAVG,GHCND:AYM00089054,"3,2",-2.07
345,2025-09-01T00:00:00,TAVG,GHCND:AYM00089057,"5,2",-1.87
346,2025-09-01T00:00:00,TAVG,GHCND:AYM00089063,"3,2",-2.3
347,2025-09-01T00:00:00,TAVG,GHCND:AYM00089065,"6,2",-7.96
348,2025-09-01T00:00:00,TAVG,GHCND:AYM00089266,"2,2",-22.45
349,2025-09-01T00:00:00,TAVG,GHCND:AYM00089577,"2,2",-63.29
350,2025-09-01T00:00:00,TAVG,GHCND:AYM00089661,"6,2",-21.66
351,2025-09-01T00:00:00,TAVG,GHCND:AYM00089828,"2,2",-61.57
352,2025-10-01T00:00:00,TAVG,GHCND:AYM00088963,"6,2",-6.04
353,2025-10-01T00:00:00,TAVG,GHCND:AYM00088968,"4,2",-1.66
354,2025-10-01T00:00:00,TAVG,GHCND:AYM00089004,"1,2",-16.0
355,2025-10-01T00:00:00,TAVG,GHCND:AYM00089034,"6,2",-13.96
356,2025-10-01T00:00:00,TAVG,GHCND:AYM00089050,"5,2",-2.0
357,2025-10-01T00:00:00,TAVG,GHCND:AYM00089053,"2,2",-1.31
358,2025-10-01T00:00:00,TAVG,GHCND:AYM00089054,",2",-1.95
359,2025-10-01T00:00:00,TAVG,GHCND:AYM00089057,"2,2",-2.08
360,2025-10-01T00:00:00,TAVG,GHCND:AYM00089058,"5,2",-1.91
361,2025-10-01T00:00:00,TAVG,GHCND:AYM00089063,",2",-2.11
362,2025-10-01T00:00:00,TAVG,GHCND:AYM00089065,"1,2",-7.74
363,2025-10-01T00:00:00,TAVG,GHCND:AYM00089251,"3,2",-1.96
364,2025-10-01T00:00:00,TAVG,GHCND:AYM00089266,"1,2",-17.6
365,2025-10-01T00:00:00,TAVG,GHCND:AYM00089272,"1,2",-18.49
366,2025-10-01T00:00:00,TAVG,GHCND:AYM00089512,"3,2",-7.78
367,2025-10-01T00:00:00,TAVG,GHCND:AYM00089577,",2",-58.75
368,2025-10-01T00:00:00,TAVG,GHCND:AYM00089606,"5,2",-51.21
369,2025-10-01T00:00:00,TAVG,GHCND:AYM00089659,"5,2",-35.97
370,2025-10-01T00:00:00,TAVG,GHCND:AYM00089661,",2",-17.78
371,2025-10-01T00:00:00,TAVG,GHCND:AYM00089828,",2",-46.55
372,2025-11-01T00:00:00,TAVG,GHCND:AYM00088963,"4,2",-3.72
373,2025-11-01T00:00:00,TAVG,GHCND:AYM00088968,"4,2",-1.99
374,2025-11-01T00:00:00,TAVG,GHCND:AYM00089003,"5,2",-12.62
375,2025-11-01T00:00:00,TAVG,GHCND:AYM00089004,"2,2",-10.91
376,2025-11-01T00:00:00,TAVG,GHCND:AYM00089034,"2,2",-8.21
377,2025-11-01T00:00:00,TAVG,GHCND:AYM00089050,",2",-1.71
378,2025-11-01T00:00:00,TAVG,GHCND:AYM00089053,",2",-0.37
379,2025-11-01T00:00:00,TAVG,GHCND:AYM00089054,",2",-1.53
380,2025-11-01T00:00:00,TAVG,GHCND:AYM00089057,",2",-0.73
381,2025-11-01T00:00:00,TAVG,GHCND:AYM00089058,"2,2",-1.06
382,2025-11-01T00:00:00,TAVG,GHCND:AYM00089063,",2",-1.35
383,2025-11-01T00:00:00,TAVG,GHCND:AYM00089065,",2",-4.32
384,2025-11-01T00:00:00,TAVG,GHCND:AYM00089251,"2,2",-1.09
385,2025-11-01T00:00:00,TAVG,GHCND:AYM00089266,",2",-11.57
386,2025-11-01T00:00:00,TAVG,GHCND:AYM00089272,",2",-15.92
387,2025-11-01T00:00:00,TAVG,GHCND:AYM00089512,"1,2",-4.17
388,2025-11-01T00:00:00,TAVG,GHCND:AYM00089577,",2",-50.29
389,2025-11-01T00:00:00,TAVG,GHCND:AYM00089606,",2",-39.94
390,2025-11-01T00:00:00,TAVG,GHCND:AYM00089659,",2",-27.77
391,2025-11-01T00:00:00,TAVG,GHCND:AYM00089661,",2",-11.63
392,2025-11-01T00:00:00,TAVG,GHCND:AYM00089828,",2",-34.62
393,2025-12-01T00:00:00,TAVG,GHCND:AYM00088963,"2,2",0.62
394,2025-12-01T00:00:00,TAVG,GHCND:AYM00088968,",2",0.64
395,2025-12-01T00:00:00,TAVG,GHCND:AYM00089003,"3,2",-8.51
396,2025-12-01T00:00:00,TAVG,GHCND:AYM00089004,"1,2",-7.73
397,2025-12-01T00:00:00,TAVG,GHCND:AYM00089034,",2",-3.58
398,2025-12-01T00:00:00,TAVG,GHCND:AYM00089050,"5,2",0.73
399,2025-12-01T00:00:00,TAVG,GHCND:AYM00089053,"4,2",1.44
400,2025-12-01T00:00:00,TAVG,GHCND:AYM00089054,",2",0.94
401,2025-12-01T00:00:00,TAVG,GHCND:AYM00089057,",2",0.66
402,2025-12-01T00:00:00,TAVG,GHCND:AYM00089063,",2",1.84
403,2025-12-01T00:00:00,TAVG,GHCND:AYM00089065,",2",-0.2
404,2025-12-01T00:00:00,TAVG,GHCND:AYM00089251,"4,2",0.94
405,2025-12-01T00:00:00,TAVG,GHCND:AYM00089266,",2",-3.8
406,2025-12-01T00:00:00,TAVG,GHCND:AYM00089272,",2",-10.3
407,2025-12-01T00:00:00,TAVG,GHCND:AYM00089512,"1,2",-1.22
408,2025-12-01T00:00:00,TAVG,GHCND:AYM00089514,"2,2",-0.24
409,2025-12-01T00:00:00,TAVG,GHCND:AYM00089577,",2",-42.18
410,2025-12-01T00:00:00,TAVG,GHCND:AYM00089606,"2,2",-31.39
411,2025-12-01T00:00:00,TAVG,GHCND:AYM00089659,",2",-17.95
412,2025-12-01T00:00:00,TAVG,GHCND:AYM00089661,",2",-5.31
413,2025-12-01T00:00:00,TAVG,GHCND:AYM00089828,",2",-23.85
414,2026-01-01T00:00:00,TAVG,GHCND:AYM00088963,"2,2",2.28
415,2026-01-01T00:00:00,TAVG,GHCND:AYM00088968,",2",1.45
416,2026-01-01T00:00:00,TAVG,GHCND:AYM00089004,"1,2",-6.38
417,2026-01-01T00:00:00,TAVG,GHCND:AYM00089034,",2",-2.29
418,2026-01-01T00:00:00,TAVG,GHCND:AYM00089050,",2",2.24
419,2026-01-01T00:00:00,TAVG,GHCND:AYM00089053,",2",2.82
420,2026-01-01T00:00:00,TAVG,GHCND:AYM00089054,",2",2.46
421,2026-01-01T00:00:00,TAVG,GHCND:AYM00089057,",2",2.68
422,2026-01-01T00:00:00,TAVG,GHCND:AYM00089058,"4,2",2.76
423,2026-01-01T00:00:00,TAVG,GHCND:AYM00089063,",2",2.12
424,2026-01-01T00:00:00,TAVG,GHCND:AYM00089065,",2",0.53
425,2026-01-01T00:00:00,TAVG,GHCND:AYM00089251,"1,2",2.56
426,2026-01-01T00:00:00,TAVG,GHCND:AYM00089266,",2",-1.71
427,2026-01-01T00:00:00,TAVG,GHCND:AYM00089272,",2",-10.39
428,2026-01-01T00:00:00,TAVG,GHCND:AYM00089512,"2,2",0.1
429,2026-01-01T00:00:00,TAVG,GHCND:AYM00089577,",2",-38.14
430,2026-01-01T00:00:00,TAVG,GHCND:AYM00089606,"2,2",-32.68
431,2026-01-01T00:00:00,TAVG,GHCND:AYM00089659,",2",-18.2
432,2026-01-01T00:00:00,TAVG,GHCND:AYM00089661,"1,2",-4.93
433,2026-01-01T00:00:00,TAVG,GHCND:AYM00089828,",2",-27.39
